{"stats":{"minecraft:dropped":{"minecraft:wheat_seeds":1},"minecraft:custom":{"minecraft:time_since_rest":14139,"minecraft:sprint_one_cm":207103,"minecraft:damage_taken":995,"minecraft:walk_one_cm":63220,"minecraft:drop":1,"minecraft:damage_dealt":58,"minecraft:swim_one_cm":6914,"minecraft:interact_with_crafting_table":4,"minecraft:fly_one_cm":268449,"minecraft:open_chest":4,"minecraft:crouch_one_cm":1125,"minecraft:play_time":64768,"minecraft:deaths":1,"minecraft:sneak_time":795,"minecraft:walk_under_water_one_cm":1825,"minecraft:jump":1273,"minecraft:leave_game":5,"minecraft:time_since_death":50113,"minecraft:walk_on_water_one_cm":3193,"minecraft:sleep_in_bed":2,"minecraft:total_world_time":64768,"minecraft:fall_one_cm":47135},"minecraft:crafted":{"minecraft:oak_planks":28,"minecraft:crafting_table":3,"minecraft:stick":8,"minecraft:wooden_pickaxe":1,"minecraft:wooden_axe":1,"minecraft:bread":15,"minecraft:wheat":45},"minecraft:picked_up":{"biomesoplenty:toadstool":1,"minecraft:crafting_table":2,"minecraft:sweet_berries":3,"minecraft:oak_log":19,"minecraft:white_bed":1,"minecraft:dirt":5,"biomesoplenty:yellow_autumn_sapling":1,"croptopia:persimmon":16,"minecraft:wheat_seeds":2,"minecraft:hay_block":10,"minecraft:oak_sapling":1,"minecraft:sugar_cane":16,"minecraft:cobblestone":5,"minecraft:egg":1},"minecraft:used":{"minecraft:wooden_axe":17,"minecraft:apple":3,"minecraft:bread":16,"minecraft:wooden_pickaxe":5,"biomesoplenty:yellow_autumn_sapling":1,"croptopia:persimmon":13,"minecraft:sweet_berries":3,"minecraft:crafting_table":3,"minecraft:oak_sapling":1,"alexsmobs:animal_dictionary":1},"minecraft:mined":{"minecraft:hay_block":10,"minecraft:white_bed":1,"biomesoplenty:toadstool":1,"biomesoplenty:yellow_autumn_leaves":5,"minecraft:birch_log":1,"minecraft:fire":18,"minecraft:sweet_berry_bush":1,"minecraft:crafting_table":2,"minecraft:grass":8,"minecraft:grass_block":3,"minecraft:oak_log":20,"minecraft:dirt_path":2,"biomesoplenty:stringy_cobweb":1,"minecraft:tall_grass":1,"minecraft:stone":5,"minecraft:sugar_cane":7,"minecraft:oak_leaves":4,"minecraft:fern":6}},"DataVersion":3465}