{"stats":{"minecraft:dropped":{"minecraft:wheat_seeds":1},"minecraft:custom":{"minecraft:open_chest":1,"minecraft:time_since_rest":15080,"minecraft:crouch_one_cm":236,"minecraft:damage_taken":340,"minecraft:play_time":29712,"minecraft:sprint_one_cm":35386,"minecraft:deaths":1,"minecraft:walk_one_cm":14955,"minecraft:sneak_time":218,"minecraft:drop":1,"minecraft:jump":273,"minecraft:damage_dealt":58,"minecraft:leave_game":3,"minecraft:time_since_death":15057,"minecraft:walk_on_water_one_cm":1282,"minecraft:total_world_time":29712,"minecraft:interact_with_crafting_table":2,"minecraft:fall_one_cm":12514,"minecraft:fly_one_cm":52994},"minecraft:picked_up":{"minecraft:crafting_table":1,"croptopia:persimmon":15,"minecraft:wheat_seeds":1,"minecraft:oak_log":15,"minecraft:oak_sapling":1},"minecraft:mined":{"minecraft:oak_log":15,"minecraft:tall_grass":1,"minecraft:oak_leaves":4,"minecraft:fern":1,"minecraft:crafting_table":1},"minecraft:crafted":{"minecraft:oak_planks":12,"minecraft:crafting_table":1,"minecraft:stick":4,"minecraft:wooden_axe":1},"minecraft:used":{"croptopia:persimmon":12,"minecraft:wooden_axe":17,"minecraft:crafting_table":1,"minecraft:oak_sapling":1,"alexsmobs:animal_dictionary":1}},"DataVersion":3465}