{"stats":{"minecraft:dropped":{"minecraft:bread":1,"minecraft:stone_axe":1,"minecraft:melon_slice":20},"minecraft:crafted":{"regions_unexplored:palm_planks":8,"minecraft:wooden_sword":3,"minecraft:oak_boat":1,"minecraft:oak_planks":28,"minecraft:crafting_table":7,"minecraft:stick":12,"minecraft:jungle_boat":2,"minecraft:wooden_pickaxe":2,"minecraft:white_bed":2,"regions_unexplored:kapok_planks":8,"minecraft:bread":3,"minecraft:jungle_planks":60},"minecraft:mined":{"minecraft:jungle_leaves":1,"minecraft:melon":8,"regions_unexplored:kapok_log":2,"gravestone:gravestone":1,"minecraft:grass":19,"croptopia:cinnamon_log":2,"minecraft:grass_block":1,"minecraft:oak_log":10,"minecraft:cocoa":4,"minecraft:vine":9,"minecraft:jungle_log":15,"regions_unexplored:palm_log":2,"minecraft:stone":12,"minecraft:oak_leaves":6,"minecraft:fern":5},"minecraft:used":{"minecraft:melon_slice":5,"minecraft:bread":2,"minecraft:wooden_pickaxe":18,"minecraft:rotten_flesh":1,"minecraft:jungle_boat":2,"minecraft:fishing_rod":4,"minecraft:wooden_sword":77,"minecraft:mutton":3,"minecraft:crafting_table":8,"minecraft:jungle_planks":5,"minecraft:white_bed":1,"minecraft:oak_boat":1,"minecraft:obsidian":1},"minecraft:picked_up":{"minecraft:cocoa_beans":12,"minecraft:crafting_table":1,"croptopia:cinnamon_log":2,"minecraft:jungle_log":15,"minecraft:brown_wool":1,"minecraft:oak_log":7,"gravestone:obituary":1,"regions_unexplored:palm_log":2,"minecraft:spider_eye":1,"minecraft:string":4,"minecraft:dirt":1,"regions_unexplored:kapok_log":2,"minecraft:rotten_flesh":3,"minecraft:wheat_seeds":3,"minecraft:gray_wool":1,"minecraft:melon_slice":42,"minecraft:mutton":11,"minecraft:white_wool":6,"minecraft:cobblestone":12},"minecraft:killed_by":{"minecraft:player":1,"iceandfire:siren":1},"minecraft:custom":{"minecraft:time_since_rest":4830,"minecraft:sprint_one_cm":88260,"minecraft:damage_taken":712,"minecraft:walk_one_cm":58392,"minecraft:mob_kills":14,"minecraft:drop":3,"minecraft:damage_dealt":1833,"minecraft:swim_one_cm":11455,"minecraft:interact_with_crafting_table":13,"minecraft:fly_one_cm":113146,"minecraft:open_chest":2,"minecraft:crouch_one_cm":1480,"minecraft:play_time":39704,"minecraft:deaths":2,"minecraft:sneak_time":894,"minecraft:walk_under_water_one_cm":6206,"minecraft:boat_one_cm":193269,"minecraft:jump":622,"minecraft:walk_on_water_one_cm":18286,"minecraft:time_since_death":4804,"minecraft:sleep_in_bed":1,"minecraft:climb_one_cm":6566,"minecraft:total_world_time":39704,"minecraft:fall_one_cm":16297},"minecraft:killed":{"minecraft:sheep":8,"minecraft:zombie":3,"minecraft:spider":3}},"DataVersion":3465}