{"stats":{"minecraft:killed":{"minecraft:pig":2,"minecraft:spider":2,"minecraft:creeper":1,"minecraft:skeleton":1,"minecraft:zombie":2,"minecraft:drowned":1,"minecraft:cow":3},"minecraft:mined":{"minecraft:cobblestone_stairs":3,"minecraft:dandelion":2,"minecraft:cornflower":2,"minecraft:brewing_stand":1,"minecraft:oak_fence":6,"minecraft:crafting_table":3,"minecraft:short_grass":18,"minecraft:grass_block":100,"minecraft:poppy":1,"minecraft:lectern":1,"minecraft:tall_grass":5,"minecraft:kelp":1,"minecraft:sugar_cane":2,"minecraft:oak_planks":45,"minecraft:oxeye_daisy":2,"minecraft:hay_block":12,"minecraft:oak_trapdoor":8,"minecraft:furnace":1,"minecraft:cobblestone_wall":2,"minecraft:stripped_oak_wood":2,"minecraft:yellow_bed":1,"minecraft:bookshelf":4,"minecraft:oak_log":11,"minecraft:dirt_path":85,"minecraft:sand":6,"minecraft:dirt":81,"minecraft:stone":36,"minecraft:oak_leaves":2},"minecraft:crafted":{"minecraft:oak_planks":40,"minecraft:stone_shovel":5,"minecraft:cooked_porkchop":3,"minecraft:crafting_table":3,"minecraft:wooden_pickaxe":1,"minecraft:furnace":1,"minecraft:stone_axe":2,"minecraft:air":0,"minecraft:oak_boat":1,"minecraft:stick":24,"minecraft:stone_pickaxe":3,"minecraft:oak_stairs":32},"minecraft:dropped":{"minecraft:cooked_porkchop":1,"minecraft:oak_planks":212,"minecraft:leather":1,"minecraft:stick":12,"minecraft:peony":4,"minecraft:wooden_axe":1,"minecraft:stone_pickaxe":1},"minecraft:broken":{"minecraft:stone_axe":1,"minecraft:stone_shovel":3},"minecraft:used":{"minecraft:oak_fence":6,"minecraft:stone_shovel":444,"minecraft:stone_pickaxe":38,"minecraft:oak_planks":35,"minecraft:wooden_pickaxe":8,"minecraft:rotten_flesh":4,"minecraft:torch":8,"minecraft:dirt":268,"minecraft:crafting_table":7,"minecraft:snowball":3,"minecraft:oak_stairs":30,"minecraft:stone_axe":120,"minecraft:stripped_oak_wood":2,"minecraft:furnace":1,"minecraft:cooked_porkchop":4,"minecraft:yellow_bed":1,"minecraft:oak_boat":1},"minecraft:picked_up":{"minecraft:wooden_axe":1,"minecraft:crafting_table":4,"minecraft:leather":1,"minecraft:oak_log":10,"minecraft:cornflower":2,"minecraft:brewing_stand":1,"minecraft:yellow_bed":1,"minecraft:cobblestone_wall":2,"minecraft:cobblestone_stairs":3,"minecraft:oak_trapdoor":8,"minecraft:dirt":268,"minecraft:string":1,"minecraft:bone":1,"minecraft:kelp":1,"minecraft:wheat_seeds":2,"minecraft:beef":7,"minecraft:stripped_oak_wood":2,"minecraft:poppy":2,"minecraft:lectern":1,"minecraft:sugar_cane":7,"minecraft:oak_planks":373,"minecraft:furnace":1,"minecraft:book":12,"minecraft:stick":10,"minecraft:cooked_porkchop":2,"minecraft:oak_fence":6,"minecraft:torch":10,"minecraft:dandelion":3,"minecraft:sand":6,"minecraft:porkchop":7,"minecraft:spider_eye":1,"minecraft:rotten_flesh":4,"minecraft:peony":4,"minecraft:hay_block":12,"minecraft:snowball":17,"minecraft:cobblestone":36,"minecraft:oxeye_daisy":3},"minecraft:custom":{"minecraft:interact_with_furnace":5,"minecraft:mob_kills":13,"minecraft:interact_with_crafting_table":14,"minecraft:leave_game":1,"minecraft:time_since_death":55983,"minecraft:sleep_in_bed":2,"minecraft:time_since_rest":6365,"minecraft:sprint_one_cm":129857,"minecraft:damage_taken":165,"minecraft:walk_one_cm":170222,"minecraft:drop":10,"minecraft:damage_dealt":2192,"minecraft:talked_to_villager":1,"minecraft:swim_one_cm":6326,"minecraft:fly_one_cm":184155,"minecraft:open_chest":2,"minecraft:crouch_one_cm":21049,"minecraft:play_time":55983,"minecraft:sneak_time":6221,"minecraft:walk_under_water_one_cm":1763,"minecraft:boat_one_cm":91857,"minecraft:jump":942,"minecraft:walk_on_water_one_cm":9765,"minecraft:total_world_time":55983,"minecraft:fall_one_cm":16970}},"DataVersion":4082}