{"stats":{"minecraft:killed":{"minecraft:cave_spider":9,"minecraft:spider":14,"minecraft:slime":1,"minecraft:skeleton":19,"minecraft:chicken":2,"minecraft:drowned":1,"minecraft:pig":11,"minecraft:zombie_villager":1,"minecraft:bat":1,"minecraft:creeper":4,"minecraft:sheep":22,"minecraft:pillager":2,"minecraft:zombie":45,"minecraft:glow_squid":5,"minecraft:cow":10},"minecraft:mined":{"minecraft:white_bed":2,"minecraft:deepslate_diamond_ore":33,"minecraft:oak_door":1,"minecraft:cherry_log":17,"minecraft:cobblestone_stairs":3,"minecraft:cherry_sapling":5,"minecraft:brewing_stand":1,"minecraft:granite":13,"minecraft:grass_block":165,"minecraft:kelp":1,"minecraft:oxeye_daisy":2,"minecraft:spawner":2,"minecraft:hay_block":52,"minecraft:oak_trapdoor":8,"minecraft:furnace":4,"minecraft:iron_ore":77,"minecraft:snow":1,"minecraft:andesite":14,"minecraft:azure_bluet":1,"minecraft:bookshelf":4,"minecraft:deepslate_iron_ore":4,"minecraft:dirt_path":200,"minecraft:oak_stairs":1,"minecraft:white_banner":1,"minecraft:stone":316,"minecraft:powder_snow":7,"minecraft:dandelion":6,"minecraft:oak_fence":24,"minecraft:crafting_table":5,"minecraft:cornflower":4,"minecraft:short_grass":71,"minecraft:poppy":2,"minecraft:lectern":1,"minecraft:tall_grass":15,"minecraft:lapis_ore":9,"minecraft:oak_planks":110,"minecraft:sugar_cane":2,"minecraft:wall_torch":1,"minecraft:diorite":6,"minecraft:pink_petals":1,"minecraft:cobblestone_wall":2,"minecraft:birch_log":3,"minecraft:wheat":2,"minecraft:stripped_oak_wood":3,"minecraft:yellow_bed":3,"minecraft:oak_log":25,"minecraft:coal_ore":52,"minecraft:oak_fence_gate":3,"minecraft:cherry_leaves":13,"minecraft:dirt":186,"minecraft:sand":7,"minecraft:cobweb":29,"minecraft:gold_ore":6,"minecraft:oak_leaves":51,"minecraft:deepslate":33},"minecraft:killed_by":{"minecraft:enderman":1},"minecraft:crafted":{"minecraft:oak_planks":40,"minecraft:stone_shovel":5,"minecraft:furnace":3,"minecraft:bone_meal":33,"minecraft:cooked_mutton":32,"minecraft:iron_boots":2,"minecraft:iron_axe":2,"minecraft:stone_pickaxe":5,"minecraft:chest":1,"minecraft:wheat":198,"minecraft:red_dye":1,"minecraft:cooked_porkchop":3,"minecraft:crafting_table":4,"minecraft:iron_helmet":2,"minecraft:wooden_pickaxe":1,"minecraft:iron_sword":2,"minecraft:red_bed":1,"minecraft:blue_bed":1,"minecraft:birch_planks":12,"minecraft:stone_axe":3,"minecraft:bread":66,"minecraft:air":0,"minecraft:blue_dye":1,"minecraft:oak_boat":1,"minecraft:iron_chestplate":2,"minecraft:stick":64,"minecraft:iron_ingot":64,"minecraft:iron_pickaxe":3,"minecraft:oak_stairs":32,"minecraft:stone_sword":1,"minecraft:iron_shovel":1,"minecraft:iron_leggings":2,"minecraft:torch":80},"minecraft:dropped":{"minecraft:bread":34,"minecraft:wheat_seeds":5,"minecraft:cooked_porkchop":1,"minecraft:iron_helmet":1,"minecraft:cobblestone":33,"minecraft:leather":1,"minecraft:cobblestone_stairs":3,"minecraft:stick":13,"minecraft:oxeye_daisy":4,"minecraft:diorite":14,"minecraft:cornflower":6,"minecraft:wooden_axe":1,"minecraft:iron_leggings":1,"minecraft:oak_stairs":1,"minecraft:iron_axe":1,"minecraft:iron_pickaxe":1,"minecraft:dandelion":6,"minecraft:furnace":1,"minecraft:stone_axe":1,"minecraft:kelp":1,"minecraft:oak_trapdoor":8,"minecraft:stone_sword":1,"minecraft:cobbled_deepslate":6,"minecraft:cobblestone_wall":2,"minecraft:rotten_flesh":10,"minecraft:iron_boots":1,"minecraft:oak_planks":274,"minecraft:peony":4,"minecraft:iron_chestplate":1,"minecraft:andesite":15,"minecraft:yellow_bed":1,"minecraft:stone_pickaxe":4,"minecraft:wooden_pickaxe":1},"minecraft:broken":{"minecraft:stone_pickaxe":2,"minecraft:stone_axe":2,"minecraft:iron_sword":1,"minecraft:iron_pickaxe":1,"minecraft:stone_shovel":5},"minecraft:used":{"minecraft:oak_fence":6,"minecraft:cherry_sapling":8,"minecraft:iron_shovel":106,"minecraft:stone_shovel":675,"minecraft:chest":1,"minecraft:iron_sword":444,"minecraft:rotten_flesh":22,"minecraft:iron_chestplate":1,"minecraft:oak_door":1,"minecraft:torch":88,"minecraft:dirt":539,"minecraft:mutton":3,"minecraft:allium":1,"minecraft:granite":2,"minecraft:snowball":17,"minecraft:iron_axe":53,"minecraft:oak_stairs":31,"minecraft:beef":4,"minecraft:furnace":5,"minecraft:egg":1,"minecraft:cooked_beef":4,"minecraft:cobbled_deepslate":40,"minecraft:cooked_mutton":2,"minecraft:baked_potato":2,"minecraft:stone_pickaxe":279,"minecraft:oak_planks":43,"minecraft:wooden_pickaxe":8,"minecraft:blue_bed":1,"minecraft:crafting_table":8,"minecraft:red_bed":1,"minecraft:white_bed":1,"minecraft:apple":8,"minecraft:chicken":1,"minecraft:bread":40,"minecraft:iron_pickaxe":300,"minecraft:stone_axe":204,"minecraft:pink_petals":11,"minecraft:cobblestone":181,"minecraft:porkchop":5,"minecraft:cooked_porkchop":4,"minecraft:stripped_oak_wood":2,"minecraft:andesite":7,"minecraft:yellow_bed":2,"minecraft:oak_boat":1,"minecraft:bone_meal":33},"minecraft:picked_up":{"minecraft:wooden_axe":1,"minecraft:iron_chestplate":1,"minecraft:crafting_table":4,"minecraft:allium":1,"minecraft:azure_bluet":1,"minecraft:ominous_bottle":1,"minecraft:chicken":1,"minecraft:oak_stairs":8,"minecraft:enchanted_book":1,"minecraft:brewing_stand":1,"minecraft:cornflower":8,"minecraft:string":81,"minecraft:oak_trapdoor":8,"minecraft:iron_leggings":1,"minecraft:flint_and_steel":1,"minecraft:iron_shovel":1,"minecraft:cobbled_deepslate":46,"minecraft:beef":32,"minecraft:cobblestone_slab":20,"minecraft:iron_nugget":6,"minecraft:poppy":4,"minecraft:iron_pickaxe":2,"minecraft:light_gray_wool":1,"minecraft:lectern":2,"minecraft:sugar_cane":14,"minecraft:egg":1,"minecraft:iron_boots":1,"minecraft:furnace":4,"minecraft:stick":26,"minecraft:raw_iron":159,"minecraft:oak_door":1,"minecraft:oak_fence":25,"minecraft:torch":71,"minecraft:porkchop":21,"minecraft:cherry_log":16,"minecraft:diorite":14,"minecraft:arrow":4,"minecraft:rotten_flesh":34,"minecraft:peony":4,"minecraft:hay_block":53,"minecraft:mutton":35,"minecraft:white_wool":18,"minecraft:snowball":18,"minecraft:cobblestone":331,"minecraft:oxeye_daisy":4,"minecraft:birch_log":3,"minecraft:pink_petals":11,"minecraft:feather":3,"minecraft:cooked_beef":4,"minecraft:glow_ink_sac":74,"minecraft:andesite":22,"minecraft:brown_wool":1,"minecraft:leather":11,"minecraft:oak_log":24,"minecraft:cobblestone_wall":2,"minecraft:yellow_bed":4,"minecraft:gunpowder":13,"minecraft:cobblestone_stairs":3,"minecraft:lapis_lazuli":253,"minecraft:dirt":564,"minecraft:white_banner":1,"minecraft:cooked_mutton":2,"minecraft:bone":18,"minecraft:kelp":1,"minecraft:wheat_seeds":11,"minecraft:raw_gold":10,"minecraft:oak_fence_gate":3,"minecraft:iron_ingot":36,"minecraft:stone_pickaxe":2,"minecraft:stripped_oak_wood":3,"minecraft:iron_sword":1,"minecraft:oak_planks":434,"minecraft:book":24,"minecraft:cooked_porkchop":2,"minecraft:dandelion":8,"minecraft:sand":14,"minecraft:white_bed":2,"minecraft:spider_eye":18,"minecraft:diamond":53,"minecraft:iron_helmet":1,"minecraft:granite":13,"minecraft:cherry_sapling":10,"minecraft:bread":8,"minecraft:baked_potato":2,"minecraft:oak_sapling":8,"minecraft:coal":68},"minecraft:custom":{"minecraft:mob_kills":155,"minecraft:interact_with_crafting_table":43,"minecraft:leave_game":1,"minecraft:time_since_death":64688,"minecraft:sprint_one_cm":676387,"minecraft:walk_one_cm":511623,"minecraft:drop":60,"minecraft:talked_to_villager":4,"minecraft:play_time":223983,"minecraft:deaths":1,"minecraft:sneak_time":17796,"minecraft:walk_under_water_one_cm":6463,"minecraft:boat_one_cm":91857,"minecraft:jump":4731,"minecraft:walk_on_water_one_cm":25394,"minecraft:total_world_time":223983,"minecraft:interact_with_furnace":26,"minecraft:interact_with_cartography_table":2,"minecraft:sleep_in_bed":9,"minecraft:time_since_rest":9276,"minecraft:damage_taken":3111,"minecraft:damage_dealt":23056,"minecraft:swim_one_cm":13382,"minecraft:fly_one_cm":969553,"minecraft:open_chest":26,"minecraft:crouch_one_cm":57231,"minecraft:fall_one_cm":118842}},"DataVersion":4082}