{"stats":{"minecraft:crafted":{"minecraft:wooden_sword":2,"minecraft:oak_planks":28,"minecraft:crafting_table":5,"minecraft:stick":8,"minecraft:jungle_boat":2,"minecraft:wooden_pickaxe":2,"minecraft:jungle_planks":60},"minecraft:used":{"minecraft:wooden_pickaxe":18,"minecraft:jungle_boat":2,"minecraft:wooden_sword":20,"minecraft:crafting_table":5},"minecraft:mined":{"minecraft:jungle_leaves":1,"minecraft:grass":7,"croptopia:cinnamon_log":2,"minecraft:grass_block":1,"minecraft:oak_log":10,"minecraft:cocoa":4,"minecraft:vine":9,"minecraft:jungle_log":15,"minecraft:stone":12,"minecraft:oak_leaves":6,"minecraft:fern":3},"minecraft:picked_up":{"minecraft:cocoa_beans":12,"croptopia:cinnamon_log":2,"minecraft:jungle_log":15,"minecraft:oak_log":7,"minecraft:dirt":1,"minecraft:wheat_seeds":1,"minecraft:gray_wool":1,"minecraft:mutton":5,"minecraft:white_wool":3,"minecraft:cobblestone":12},"minecraft:killed_by":{"minecraft:player":1},"minecraft:custom":{"minecraft:time_since_rest":5751,"minecraft:sprint_one_cm":44383,"minecraft:damage_taken":380,"minecraft:walk_one_cm":33314,"minecraft:mob_kills":4,"minecraft:damage_dealt":453,"minecraft:swim_one_cm":9557,"minecraft:interact_with_crafting_table":8,"minecraft:fly_one_cm":41412,"minecraft:open_chest":1,"minecraft:crouch_one_cm":1467,"minecraft:play_time":27704,"minecraft:deaths":1,"minecraft:sneak_time":875,"minecraft:walk_under_water_one_cm":5919,"minecraft:boat_one_cm":130679,"minecraft:jump":360,"minecraft:walk_on_water_one_cm":9765,"minecraft:time_since_death":5697,"minecraft:climb_one_cm":6534,"minecraft:total_world_time":27704,"minecraft:fall_one_cm":9069},"minecraft:killed":{"minecraft:sheep":4}},"DataVersion":3465}