{"stats":{"minecraft:mined":{"minecraft:short_grass":3,"minecraft:grass_block":4,"minecraft:oak_log":11,"minecraft:dirt":8,"minecraft:tall_grass":5,"minecraft:stone":22,"minecraft:crafting_table":1,"minecraft:oak_leaves":1},"minecraft:crafted":{"minecraft:oak_planks":20,"minecraft:stone_axe":1,"minecraft:crafting_table":1,"minecraft:stick":8,"minecraft:stone_pickaxe":1,"minecraft:wooden_pickaxe":1},"minecraft:picked_up":{"minecraft:crafting_table":2,"minecraft:wheat_seeds":1,"minecraft:oak_log":10,"minecraft:dirt":12,"minecraft:cobblestone":22},"minecraft:used":{"minecraft:stone_axe":8,"minecraft:dirt":1,"minecraft:crafting_table":2,"minecraft:stone_pickaxe":14,"minecraft:wooden_pickaxe":8},"minecraft:custom":{"minecraft:time_since_rest":13983,"minecraft:crouch_one_cm":2962,"minecraft:sprint_one_cm":29288,"minecraft:play_time":13983,"minecraft:walk_one_cm":17627,"minecraft:sneak_time":1318,"minecraft:jump":286,"minecraft:leave_game":1,"minecraft:time_since_death":13983,"minecraft:total_world_time":13983,"minecraft:interact_with_crafting_table":4,"minecraft:fall_one_cm":9165,"minecraft:fly_one_cm":77357}},"DataVersion":4082}