{"stats":{"minecraft:killed":{"minecraft:pig":2,"minecraft:spider":2,"minecraft:creeper":1,"minecraft:skeleton":1,"minecraft:zombie":2,"minecraft:drowned":1,"minecraft:cow":3},"minecraft:mined":{"minecraft:white_bed":1,"minecraft:oak_door":1,"minecraft:cobblestone_stairs":3,"minecraft:dandelion":4,"minecraft:cornflower":2,"minecraft:brewing_stand":1,"minecraft:oak_fence":6,"minecraft:crafting_table":3,"minecraft:short_grass":54,"minecraft:grass_block":162,"minecraft:poppy":1,"minecraft:lectern":1,"minecraft:tall_grass":5,"minecraft:kelp":1,"minecraft:sugar_cane":2,"minecraft:oak_planks":94,"minecraft:oxeye_daisy":2,"minecraft:hay_block":12,"minecraft:oak_trapdoor":8,"minecraft:furnace":1,"minecraft:cobblestone_wall":2,"minecraft:stripped_oak_wood":2,"minecraft:yellow_bed":3,"minecraft:bookshelf":4,"minecraft:oak_log":11,"minecraft:dirt_path":200,"minecraft:sand":7,"minecraft:dirt":179,"minecraft:stone":49,"minecraft:oak_leaves":2},"minecraft:crafted":{"minecraft:red_dye":1,"minecraft:oak_planks":40,"minecraft:stone_shovel":5,"minecraft:cooked_porkchop":3,"minecraft:crafting_table":3,"minecraft:wooden_pickaxe":1,"minecraft:red_bed":1,"minecraft:furnace":1,"minecraft:stone_axe":2,"minecraft:bread":36,"minecraft:air":0,"minecraft:oak_boat":1,"minecraft:stick":28,"minecraft:iron_ingot":1,"minecraft:stone_pickaxe":3,"minecraft:oak_stairs":32,"minecraft:iron_shovel":1,"minecraft:wheat":108},"minecraft:dropped":{"minecraft:bread":21,"minecraft:furnace":1,"minecraft:kelp":1,"minecraft:wheat_seeds":5,"minecraft:oak_trapdoor":8,"minecraft:cobblestone_wall":2,"minecraft:cooked_porkchop":1,"minecraft:oak_planks":274,"minecraft:leather":1,"minecraft:stick":12,"minecraft:oxeye_daisy":4,"minecraft:peony":4,"minecraft:cornflower":3,"minecraft:wooden_axe":1,"minecraft:yellow_bed":1,"minecraft:oak_stairs":1,"minecraft:wooden_pickaxe":1,"minecraft:stone_pickaxe":1,"minecraft:dandelion":6},"minecraft:broken":{"minecraft:stone_axe":1,"minecraft:stone_shovel":5},"minecraft:used":{"minecraft:oak_fence":6,"minecraft:iron_shovel":93,"minecraft:stone_shovel":675,"minecraft:stone_pickaxe":51,"minecraft:oak_planks":43,"minecraft:wooden_pickaxe":8,"minecraft:rotten_flesh":4,"minecraft:oak_door":1,"minecraft:torch":8,"minecraft:dirt":538,"minecraft:crafting_table":7,"minecraft:red_bed":1,"minecraft:white_bed":1,"minecraft:snowball":17,"minecraft:oak_stairs":31,"minecraft:bread":4,"minecraft:stone_axe":172,"minecraft:stripped_oak_wood":2,"minecraft:furnace":1,"minecraft:cooked_porkchop":4,"minecraft:yellow_bed":2,"minecraft:oak_boat":1},"minecraft:picked_up":{"minecraft:wooden_axe":1,"minecraft:crafting_table":4,"minecraft:leather":1,"minecraft:oak_log":10,"minecraft:cornflower":3,"minecraft:brewing_stand":1,"minecraft:yellow_bed":4,"minecraft:cobblestone_wall":2,"minecraft:cobblestone_stairs":3,"minecraft:oak_trapdoor":8,"minecraft:dirt":538,"minecraft:string":1,"minecraft:bone":1,"minecraft:kelp":1,"minecraft:wheat_seeds":5,"minecraft:beef":7,"minecraft:stripped_oak_wood":2,"minecraft:poppy":2,"minecraft:lectern":1,"minecraft:sugar_cane":7,"minecraft:oak_planks":411,"minecraft:furnace":1,"minecraft:book":12,"minecraft:stick":10,"minecraft:oak_door":1,"minecraft:cooked_porkchop":2,"minecraft:oak_fence":6,"minecraft:torch":10,"minecraft:dandelion":6,"minecraft:sand":7,"minecraft:porkchop":7,"minecraft:white_bed":1,"minecraft:spider_eye":1,"minecraft:rotten_flesh":4,"minecraft:peony":4,"minecraft:hay_block":12,"minecraft:bread":1,"minecraft:snowball":17,"minecraft:cobblestone":44,"minecraft:oxeye_daisy":4},"minecraft:custom":{"minecraft:interact_with_furnace":6,"minecraft:mob_kills":13,"minecraft:interact_with_crafting_table":21,"minecraft:leave_game":1,"minecraft:time_since_death":91983,"minecraft:sleep_in_bed":5,"minecraft:time_since_rest":434,"minecraft:sprint_one_cm":218490,"minecraft:damage_taken":195,"minecraft:walk_one_cm":268369,"minecraft:drop":24,"minecraft:damage_dealt":2192,"minecraft:talked_to_villager":2,"minecraft:swim_one_cm":8501,"minecraft:fly_one_cm":265906,"minecraft:open_chest":2,"minecraft:crouch_one_cm":33301,"minecraft:play_time":91983,"minecraft:sneak_time":8839,"minecraft:walk_under_water_one_cm":2234,"minecraft:boat_one_cm":91857,"minecraft:jump":1334,"minecraft:walk_on_water_one_cm":15425,"minecraft:total_world_time":91983,"minecraft:fall_one_cm":23113}},"DataVersion":4082}