{"stats":{"minecraft:killed":{"minecraft:pig":2,"minecraft:spider":2,"minecraft:creeper":1,"minecraft:skeleton":1,"minecraft:zombie":2,"minecraft:drowned":1,"minecraft:cow":3},"minecraft:mined":{"minecraft:cobblestone_stairs":3,"minecraft:dandelion":4,"minecraft:cornflower":2,"minecraft:brewing_stand":1,"minecraft:oak_fence":6,"minecraft:crafting_table":3,"minecraft:short_grass":49,"minecraft:grass_block":162,"minecraft:poppy":1,"minecraft:lectern":1,"minecraft:tall_grass":5,"minecraft:kelp":1,"minecraft:sugar_cane":2,"minecraft:oak_planks":67,"minecraft:oxeye_daisy":2,"minecraft:hay_block":12,"minecraft:oak_trapdoor":8,"minecraft:furnace":1,"minecraft:cobblestone_wall":2,"minecraft:stripped_oak_wood":2,"minecraft:yellow_bed":1,"minecraft:bookshelf":4,"minecraft:oak_log":11,"minecraft:dirt_path":199,"minecraft:sand":7,"minecraft:dirt":171,"minecraft:stone":44,"minecraft:oak_leaves":2},"minecraft:crafted":{"minecraft:oak_planks":40,"minecraft:stone_shovel":5,"minecraft:cooked_porkchop":3,"minecraft:crafting_table":3,"minecraft:wooden_pickaxe":1,"minecraft:furnace":1,"minecraft:stone_axe":2,"minecraft:bread":36,"minecraft:air":0,"minecraft:oak_boat":1,"minecraft:stick":28,"minecraft:iron_ingot":1,"minecraft:stone_pickaxe":3,"minecraft:oak_stairs":32,"minecraft:iron_shovel":1,"minecraft:wheat":108},"minecraft:dropped":{"minecraft:bread":21,"minecraft:furnace":1,"minecraft:cooked_porkchop":1,"minecraft:oak_planks":212,"minecraft:leather":1,"minecraft:stick":12,"minecraft:peony":4,"minecraft:wooden_axe":1,"minecraft:stone_pickaxe":1},"minecraft:broken":{"minecraft:stone_axe":1,"minecraft:stone_shovel":5},"minecraft:used":{"minecraft:oak_fence":6,"minecraft:iron_shovel":85,"minecraft:stone_shovel":675,"minecraft:stone_pickaxe":46,"minecraft:oak_planks":35,"minecraft:wooden_pickaxe":8,"minecraft:rotten_flesh":4,"minecraft:torch":8,"minecraft:dirt":489,"minecraft:crafting_table":7,"minecraft:snowball":3,"minecraft:oak_stairs":30,"minecraft:bread":3,"minecraft:stone_axe":144,"minecraft:stripped_oak_wood":2,"minecraft:furnace":1,"minecraft:cooked_porkchop":4,"minecraft:yellow_bed":1,"minecraft:oak_boat":1},"minecraft:picked_up":{"minecraft:wooden_axe":1,"minecraft:crafting_table":4,"minecraft:leather":1,"minecraft:oak_log":10,"minecraft:cornflower":3,"minecraft:brewing_stand":1,"minecraft:yellow_bed":1,"minecraft:cobblestone_wall":2,"minecraft:cobblestone_stairs":3,"minecraft:oak_trapdoor":8,"minecraft:dirt":521,"minecraft:string":1,"minecraft:bone":1,"minecraft:kelp":1,"minecraft:wheat_seeds":5,"minecraft:beef":7,"minecraft:stripped_oak_wood":2,"minecraft:poppy":2,"minecraft:lectern":1,"minecraft:sugar_cane":7,"minecraft:oak_planks":388,"minecraft:furnace":1,"minecraft:book":12,"minecraft:stick":10,"minecraft:cooked_porkchop":2,"minecraft:oak_fence":6,"minecraft:torch":10,"minecraft:dandelion":6,"minecraft:sand":7,"minecraft:porkchop":7,"minecraft:spider_eye":1,"minecraft:rotten_flesh":4,"minecraft:peony":4,"minecraft:hay_block":12,"minecraft:snowball":17,"minecraft:cobblestone":42,"minecraft:oxeye_daisy":4},"minecraft:custom":{"minecraft:interact_with_furnace":5,"minecraft:mob_kills":13,"minecraft:interact_with_crafting_table":18,"minecraft:leave_game":1,"minecraft:time_since_death":67983,"minecraft:sleep_in_bed":3,"minecraft:time_since_rest":3735,"minecraft:sprint_one_cm":172612,"minecraft:damage_taken":185,"minecraft:walk_one_cm":209368,"minecraft:drop":12,"minecraft:damage_dealt":2192,"minecraft:talked_to_villager":1,"minecraft:swim_one_cm":6609,"minecraft:fly_one_cm":195518,"minecraft:open_chest":2,"minecraft:crouch_one_cm":31992,"minecraft:play_time":67983,"minecraft:sneak_time":8212,"minecraft:walk_under_water_one_cm":1860,"minecraft:boat_one_cm":91857,"minecraft:jump":1028,"minecraft:walk_on_water_one_cm":13647,"minecraft:total_world_time":67983,"minecraft:fall_one_cm":17613}},"DataVersion":4082}