{"stats":{"minecraft:killed":{"minecraft:skeleton":1,"minecraft:zombie":2,"minecraft:pig":2,"minecraft:spider":2,"minecraft:drowned":1,"minecraft:creeper":1,"minecraft:cow":3},"minecraft:mined":{"minecraft:furnace":1,"minecraft:crafting_table":3,"minecraft:short_grass":3,"minecraft:grass_block":5,"minecraft:oak_log":11,"minecraft:dirt":8,"minecraft:tall_grass":5,"minecraft:stone":22,"minecraft:oak_leaves":2},"minecraft:crafted":{"minecraft:oak_boat":1,"minecraft:oak_planks":20,"minecraft:cooked_porkchop":3,"minecraft:crafting_table":1,"minecraft:stick":8,"minecraft:wooden_pickaxe":1,"minecraft:stone_pickaxe":1,"minecraft:furnace":1,"minecraft:stone_axe":1,"minecraft:air":0},"minecraft:dropped":{"minecraft:peony":4,"minecraft:wooden_axe":1,"minecraft:cooked_porkchop":1,"minecraft:oak_planks":180,"minecraft:leather":1,"minecraft:stick":12},"minecraft:used":{"minecraft:stone_pickaxe":16,"minecraft:wooden_pickaxe":8,"minecraft:rotten_flesh":2,"minecraft:stone_axe":45,"minecraft:dirt":13,"minecraft:crafting_table":4,"minecraft:furnace":1,"minecraft:cooked_porkchop":3,"minecraft:oak_boat":1,"minecraft:snowball":1},"minecraft:picked_up":{"minecraft:wooden_axe":1,"minecraft:stick":10,"minecraft:crafting_table":4,"minecraft:cooked_porkchop":2,"minecraft:leather":1,"minecraft:porkchop":7,"minecraft:oak_log":10,"minecraft:string":1,"minecraft:spider_eye":1,"minecraft:dirt":25,"minecraft:bone":1,"minecraft:rotten_flesh":4,"minecraft:peony":4,"minecraft:wheat_seeds":1,"minecraft:beef":7,"minecraft:oak_planks":270,"minecraft:snowball":17,"minecraft:cobblestone":22,"minecraft:furnace":1},"minecraft:custom":{"minecraft:time_since_rest":25983,"minecraft:interact_with_furnace":5,"minecraft:sprint_one_cm":56100,"minecraft:damage_taken":155,"minecraft:walk_one_cm":51735,"minecraft:mob_kills":13,"minecraft:drop":8,"minecraft:damage_dealt":2192,"minecraft:swim_one_cm":6326,"minecraft:interact_with_crafting_table":6,"minecraft:fly_one_cm":99031,"minecraft:open_chest":1,"minecraft:crouch_one_cm":3263,"minecraft:play_time":25983,"minecraft:sneak_time":1459,"minecraft:walk_under_water_one_cm":1733,"minecraft:boat_one_cm":77134,"minecraft:jump":571,"minecraft:leave_game":1,"minecraft:time_since_death":25983,"minecraft:walk_on_water_one_cm":6118,"minecraft:total_world_time":25983,"minecraft:fall_one_cm":14641}},"DataVersion":4082}