{"stats":{"minecraft:killed":{"minecraft:cave_spider":9,"minecraft:spider":11,"minecraft:slime":1,"minecraft:skeleton":14,"minecraft:drowned":1,"minecraft:pig":2,"minecraft:zombie_villager":1,"minecraft:bat":1,"minecraft:creeper":3,"minecraft:zombie":30,"minecraft:glow_squid":5,"minecraft:cow":3},"minecraft:mined":{"minecraft:white_bed":2,"minecraft:deepslate_diamond_ore":26,"minecraft:oak_door":1,"minecraft:cobblestone_stairs":3,"minecraft:brewing_stand":1,"minecraft:granite":13,"minecraft:grass_block":162,"minecraft:kelp":1,"minecraft:oxeye_daisy":2,"minecraft:spawner":2,"minecraft:hay_block":22,"minecraft:oak_trapdoor":8,"minecraft:furnace":2,"minecraft:iron_ore":77,"minecraft:andesite":11,"minecraft:bookshelf":4,"minecraft:deepslate_iron_ore":4,"minecraft:dirt_path":200,"minecraft:oak_stairs":1,"minecraft:stone":266,"minecraft:dandelion":4,"minecraft:oak_fence":6,"minecraft:crafting_table":4,"minecraft:cornflower":3,"minecraft:short_grass":54,"minecraft:poppy":1,"minecraft:lectern":1,"minecraft:tall_grass":5,"minecraft:lapis_ore":9,"minecraft:oak_planks":110,"minecraft:sugar_cane":2,"minecraft:diorite":6,"minecraft:cobblestone_wall":2,"minecraft:stripped_oak_wood":2,"minecraft:yellow_bed":3,"minecraft:oak_log":11,"minecraft:coal_ore":52,"minecraft:dirt":180,"minecraft:sand":7,"minecraft:cobweb":29,"minecraft:gold_ore":6,"minecraft:oak_leaves":2,"minecraft:deepslate":19},"minecraft:killed_by":{"minecraft:enderman":1},"minecraft:crafted":{"minecraft:oak_planks":40,"minecraft:stone_shovel":5,"minecraft:furnace":2,"minecraft:iron_boots":2,"minecraft:iron_axe":1,"minecraft:stone_pickaxe":4,"minecraft:wheat":198,"minecraft:red_dye":1,"minecraft:cooked_porkchop":3,"minecraft:crafting_table":3,"minecraft:iron_helmet":2,"minecraft:wooden_pickaxe":1,"minecraft:iron_sword":2,"minecraft:red_bed":1,"minecraft:blue_bed":1,"minecraft:stone_axe":2,"minecraft:bread":66,"minecraft:air":0,"minecraft:blue_dye":1,"minecraft:oak_boat":1,"minecraft:iron_chestplate":2,"minecraft:stick":56,"minecraft:iron_ingot":58,"minecraft:iron_pickaxe":2,"minecraft:oak_stairs":32,"minecraft:iron_shovel":1,"minecraft:iron_leggings":2,"minecraft:torch":80},"minecraft:dropped":{"minecraft:bread":33,"minecraft:wheat_seeds":5,"minecraft:cooked_porkchop":1,"minecraft:iron_helmet":1,"minecraft:cobblestone":33,"minecraft:leather":1,"minecraft:cobblestone_stairs":3,"minecraft:stick":13,"minecraft:oxeye_daisy":4,"minecraft:diorite":14,"minecraft:cornflower":3,"minecraft:wooden_axe":1,"minecraft:iron_leggings":1,"minecraft:oak_stairs":1,"minecraft:iron_axe":1,"minecraft:iron_pickaxe":1,"minecraft:dandelion":6,"minecraft:furnace":1,"minecraft:kelp":1,"minecraft:oak_trapdoor":8,"minecraft:cobbled_deepslate":6,"minecraft:cobblestone_wall":2,"minecraft:rotten_flesh":10,"minecraft:iron_boots":1,"minecraft:oak_planks":274,"minecraft:peony":4,"minecraft:iron_chestplate":1,"minecraft:andesite":12,"minecraft:yellow_bed":1,"minecraft:stone_pickaxe":3,"minecraft:wooden_pickaxe":1},"minecraft:broken":{"minecraft:stone_pickaxe":1,"minecraft:stone_axe":2,"minecraft:iron_sword":1,"minecraft:stone_shovel":5},"minecraft:used":{"minecraft:oak_fence":6,"minecraft:iron_shovel":96,"minecraft:stone_shovel":675,"minecraft:iron_sword":232,"minecraft:rotten_flesh":7,"minecraft:iron_chestplate":1,"minecraft:oak_door":1,"minecraft:torch":68,"minecraft:dirt":539,"minecraft:granite":2,"minecraft:snowball":17,"minecraft:iron_axe":9,"minecraft:oak_stairs":31,"minecraft:furnace":2,"minecraft:stone_pickaxe":274,"minecraft:oak_planks":43,"minecraft:wooden_pickaxe":8,"minecraft:blue_bed":1,"minecraft:crafting_table":7,"minecraft:red_bed":1,"minecraft:white_bed":1,"minecraft:bread":35,"minecraft:iron_pickaxe":220,"minecraft:stone_axe":204,"minecraft:cobblestone":162,"minecraft:cooked_porkchop":4,"minecraft:stripped_oak_wood":2,"minecraft:andesite":7,"minecraft:yellow_bed":2,"minecraft:oak_boat":1},"minecraft:picked_up":{"minecraft:wooden_axe":1,"minecraft:iron_chestplate":1,"minecraft:crafting_table":4,"minecraft:oak_stairs":8,"minecraft:enchanted_book":1,"minecraft:brewing_stand":1,"minecraft:cornflower":4,"minecraft:string":80,"minecraft:oak_trapdoor":8,"minecraft:iron_leggings":1,"minecraft:flint_and_steel":1,"minecraft:iron_shovel":1,"minecraft:cobbled_deepslate":22,"minecraft:beef":14,"minecraft:cobblestone_slab":20,"minecraft:iron_nugget":6,"minecraft:poppy":3,"minecraft:iron_pickaxe":1,"minecraft:lectern":2,"minecraft:sugar_cane":14,"minecraft:iron_boots":1,"minecraft:furnace":3,"minecraft:stick":18,"minecraft:raw_iron":159,"minecraft:oak_door":1,"minecraft:oak_fence":7,"minecraft:torch":66,"minecraft:porkchop":7,"minecraft:diorite":14,"minecraft:arrow":1,"minecraft:rotten_flesh":19,"minecraft:peony":4,"minecraft:hay_block":23,"minecraft:snowball":17,"minecraft:cobblestone":281,"minecraft:oxeye_daisy":4,"minecraft:glow_ink_sac":74,"minecraft:andesite":19,"minecraft:leather":3,"minecraft:oak_log":10,"minecraft:cobblestone_wall":2,"minecraft:yellow_bed":4,"minecraft:gunpowder":10,"minecraft:cobblestone_stairs":3,"minecraft:lapis_lazuli":253,"minecraft:dirt":539,"minecraft:bone":16,"minecraft:kelp":1,"minecraft:wheat_seeds":5,"minecraft:raw_gold":10,"minecraft:iron_ingot":36,"minecraft:stone_pickaxe":2,"minecraft:stripped_oak_wood":2,"minecraft:iron_sword":1,"minecraft:oak_planks":425,"minecraft:book":24,"minecraft:cooked_porkchop":2,"minecraft:dandelion":6,"minecraft:sand":14,"minecraft:white_bed":2,"minecraft:spider_eye":18,"minecraft:diamond":46,"minecraft:iron_helmet":1,"minecraft:granite":13,"minecraft:bread":8,"minecraft:coal":68},"minecraft:custom":{"minecraft:mob_kills":86,"minecraft:interact_with_crafting_table":38,"minecraft:leave_game":1,"minecraft:time_since_death":4688,"minecraft:sprint_one_cm":465272,"minecraft:walk_one_cm":396140,"minecraft:drop":52,"minecraft:talked_to_villager":2,"minecraft:play_time":163983,"minecraft:deaths":1,"minecraft:sneak_time":15642,"minecraft:walk_under_water_one_cm":3025,"minecraft:boat_one_cm":91857,"minecraft:jump":2713,"minecraft:walk_on_water_one_cm":20902,"minecraft:total_world_time":163983,"minecraft:interact_with_furnace":16,"minecraft:sleep_in_bed":7,"minecraft:time_since_rest":4719,"minecraft:damage_taken":1903,"minecraft:damage_dealt":13901,"minecraft:swim_one_cm":9000,"minecraft:fly_one_cm":511089,"minecraft:open_chest":2,"minecraft:crouch_one_cm":52946,"minecraft:fall_one_cm":59097}},"DataVersion":4082}