{"stats":{"minecraft:dropped":{"minecraft:bread":1,"minecraft:stone_axe":1,"minecraft:melon_slice":20},"minecraft:crafted":{"regions_unexplored:palm_planks":8,"minecraft:wooden_sword":3,"minecraft:oak_planks":28,"minecraft:crafting_table":8,"minecraft:jungle_boat":2,"minecraft:wooden_pickaxe":2,"regions_unexplored:kapok_planks":8,"minecraft:bread":3,"minecraft:jungle_planks":60,"minecraft:oak_boat":1,"minecraft:stick":12,"minecraft:white_bed":2},"minecraft:used":{"minecraft:wooden_pickaxe":18,"minecraft:rotten_flesh":1,"minecraft:jungle_boat":2,"minecraft:mutton":3,"minecraft:crafting_table":8,"minecraft:jungle_planks":5,"minecraft:white_bed":2,"minecraft:obsidian":1,"minecraft:bread":2,"minecraft:melon_slice":12,"minecraft:stone_axe":37,"minecraft:wooden_sword":89,"minecraft:fishing_rod":4,"minecraft:oak_boat":1},"minecraft:mined":{"regions_unexplored:barley":7,"minecraft:jungle_leaves":1,"regions_unexplored:kapok_log":2,"gravestone:gravestone":2,"minecraft:grass_block":1,"croptopia:cinnamon_log":2,"minecraft:melon":8,"minecraft:jungle_log":15,"minecraft:tall_grass":2,"minecraft:grass":23,"minecraft:oak_log":10,"minecraft:vine":14,"minecraft:cocoa":4,"regions_unexplored:palm_log":2,"regions_unexplored:medium_grass":3,"minecraft:stone":12,"minecraft:oak_leaves":6,"minecraft:fern":5},"minecraft:picked_up":{"minecraft:cocoa_beans":12,"minecraft:crafting_table":1,"croptopia:cinnamon_log":2,"minecraft:jungle_log":15,"minecraft:brown_wool":1,"minecraft:oak_log":7,"gravestone:obituary":1,"minecraft:dirt":1,"minecraft:string":4,"minecraft:wheat_seeds":4,"minecraft:melon_slice":42,"regions_unexplored:palm_log":2,"minecraft:spider_eye":1,"regions_unexplored:kapok_log":2,"regions_unexplored:barley":2,"minecraft:rotten_flesh":5,"minecraft:stone_axe":1,"minecraft:gray_wool":1,"minecraft:black_wool":1,"minecraft:mutton":23,"minecraft:white_wool":13,"minecraft:cobblestone":12},"minecraft:killed_by":{"minecraft:player":1,"iceandfire:siren":2},"minecraft:custom":{"minecraft:mob_kills":26,"minecraft:interact_with_crafting_table":13,"minecraft:leave_game":1,"minecraft:time_since_death":9537,"minecraft:sleep_in_bed":1,"minecraft:climb_one_cm":6566,"minecraft:time_since_rest":9567,"minecraft:sprint_one_cm":131749,"minecraft:damage_taken":1092,"minecraft:walk_one_cm":95492,"minecraft:trigger_trapped_chest":1,"minecraft:drop":3,"minecraft:damage_dealt":3449,"minecraft:swim_one_cm":19650,"minecraft:fly_one_cm":175401,"minecraft:open_chest":3,"minecraft:crouch_one_cm":1480,"minecraft:sneak_time":900,"minecraft:play_time":51327,"minecraft:deaths":3,"minecraft:walk_under_water_one_cm":6727,"minecraft:boat_one_cm":303952,"minecraft:jump":881,"minecraft:walk_on_water_one_cm":19349,"minecraft:total_world_time":51327,"minecraft:fall_one_cm":22248},"minecraft:broken":{"minecraft:wooden_sword":1},"minecraft:killed":{"minecraft:husk":2,"minecraft:spider":3,"minecraft:sheep":16,"minecraft:zombie":3,"iceandfire:ghost":2}},"DataVersion":3465}