{"stats":{"minecraft:killed":{"minecraft:pig":2,"minecraft:spider":2,"minecraft:creeper":1,"minecraft:skeleton":1,"minecraft:zombie":2,"minecraft:drowned":1,"minecraft:cow":3},"minecraft:mined":{"minecraft:brewing_stand":1,"minecraft:crafting_table":3,"minecraft:short_grass":11,"minecraft:grass_block":58,"minecraft:lectern":1,"minecraft:tall_grass":5,"minecraft:sugar_cane":1,"minecraft:oak_planks":25,"minecraft:oxeye_daisy":1,"minecraft:hay_block":12,"minecraft:furnace":1,"minecraft:yellow_bed":1,"minecraft:bookshelf":4,"minecraft:oak_log":11,"minecraft:dirt_path":22,"minecraft:dirt":29,"minecraft:stone":22,"minecraft:oak_leaves":2},"minecraft:crafted":{"minecraft:oak_planks":40,"minecraft:stone_shovel":1,"minecraft:cooked_porkchop":3,"minecraft:crafting_table":2,"minecraft:wooden_pickaxe":1,"minecraft:furnace":1,"minecraft:stone_axe":1,"minecraft:air":0,"minecraft:oak_boat":1,"minecraft:stick":16,"minecraft:stone_pickaxe":3,"minecraft:oak_stairs":20},"minecraft:dropped":{"minecraft:cooked_porkchop":1,"minecraft:oak_planks":212,"minecraft:leather":1,"minecraft:stick":12,"minecraft:peony":4,"minecraft:wooden_axe":1,"minecraft:stone_pickaxe":1},"minecraft:broken":{"minecraft:stone_shovel":1},"minecraft:used":{"minecraft:stone_shovel":140,"minecraft:stone_pickaxe":17,"minecraft:oak_planks":27,"minecraft:wooden_pickaxe":8,"minecraft:rotten_flesh":2,"minecraft:dirt":74,"minecraft:crafting_table":6,"minecraft:snowball":3,"minecraft:oak_stairs":20,"minecraft:stone_axe":84,"minecraft:furnace":1,"minecraft:cooked_porkchop":3,"minecraft:yellow_bed":1,"minecraft:oak_boat":1},"minecraft:picked_up":{"minecraft:wooden_axe":1,"minecraft:crafting_table":4,"minecraft:leather":1,"minecraft:oak_log":10,"minecraft:brewing_stand":1,"minecraft:yellow_bed":1,"minecraft:dirt":117,"minecraft:string":1,"minecraft:bone":1,"minecraft:wheat_seeds":1,"minecraft:beef":7,"minecraft:lectern":1,"minecraft:sugar_cane":3,"minecraft:oak_planks":354,"minecraft:furnace":1,"minecraft:book":12,"minecraft:stick":10,"minecraft:cooked_porkchop":2,"minecraft:dandelion":1,"minecraft:porkchop":7,"minecraft:spider_eye":1,"minecraft:rotten_flesh":4,"minecraft:peony":4,"minecraft:hay_block":12,"minecraft:snowball":17,"minecraft:cobblestone":22,"minecraft:oxeye_daisy":1},"minecraft:custom":{"minecraft:interact_with_furnace":5,"minecraft:mob_kills":13,"minecraft:interact_with_crafting_table":9,"minecraft:leave_game":1,"minecraft:time_since_death":37983,"minecraft:sleep_in_bed":1,"minecraft:time_since_rest":1790,"minecraft:sprint_one_cm":86553,"minecraft:damage_taken":165,"minecraft:walk_one_cm":95041,"minecraft:drop":10,"minecraft:damage_dealt":2192,"minecraft:swim_one_cm":6326,"minecraft:fly_one_cm":131881,"minecraft:open_chest":2,"minecraft:crouch_one_cm":11264,"minecraft:play_time":37983,"minecraft:sneak_time":3906,"minecraft:walk_under_water_one_cm":1763,"minecraft:boat_one_cm":91857,"minecraft:jump":716,"minecraft:walk_on_water_one_cm":8890,"minecraft:total_world_time":37983,"minecraft:fall_one_cm":15600}},"DataVersion":4082}