{"stats":{"minecraft:killed":{"minecraft:sheep":1},"minecraft:picked_up":{"minecraft:mutton":1,"minecraft:white_wool":1,"minecraft:egg":1},"minecraft:custom":{"minecraft:jump":76,"minecraft:time_since_rest":12018,"minecraft:damage_dealt":80,"minecraft:leave_game":1,"minecraft:sprint_one_cm":8886,"minecraft:play_time":12018,"minecraft:time_since_death":12018,"minecraft:walk_one_cm":3837,"minecraft:sneak_time":11,"minecraft:total_world_time":12018,"minecraft:mob_kills":1,"minecraft:fall_one_cm":836,"minecraft:fly_one_cm":21500}},"DataVersion":3955}