{"stats":{"minecraft:killed":{"minecraft:cave_spider":9,"minecraft:spider":6,"minecraft:skeleton":3,"minecraft:drowned":1,"minecraft:pig":2,"minecraft:zombie_villager":1,"minecraft:creeper":1,"minecraft:zombie":9,"minecraft:cow":3},"minecraft:mined":{"minecraft:white_bed":2,"minecraft:oak_door":1,"minecraft:cobblestone_stairs":3,"minecraft:brewing_stand":1,"minecraft:granite":13,"minecraft:grass_block":162,"minecraft:kelp":1,"minecraft:oxeye_daisy":2,"minecraft:spawner":2,"minecraft:hay_block":22,"minecraft:oak_trapdoor":8,"minecraft:furnace":2,"minecraft:iron_ore":48,"minecraft:andesite":11,"minecraft:bookshelf":4,"minecraft:dirt_path":200,"minecraft:oak_stairs":1,"minecraft:stone":258,"minecraft:dandelion":4,"minecraft:oak_fence":6,"minecraft:crafting_table":4,"minecraft:cornflower":3,"minecraft:short_grass":54,"minecraft:poppy":1,"minecraft:lectern":1,"minecraft:tall_grass":5,"minecraft:lapis_ore":8,"minecraft:oak_planks":110,"minecraft:sugar_cane":2,"minecraft:diorite":4,"minecraft:cobblestone_wall":2,"minecraft:stripped_oak_wood":2,"minecraft:yellow_bed":3,"minecraft:oak_log":11,"minecraft:coal_ore":50,"minecraft:dirt":180,"minecraft:sand":7,"minecraft:cobweb":29,"minecraft:oak_leaves":2,"minecraft:deepslate":1},"minecraft:crafted":{"minecraft:oak_planks":40,"minecraft:stone_shovel":5,"minecraft:furnace":2,"minecraft:iron_boots":2,"minecraft:iron_axe":1,"minecraft:stone_pickaxe":4,"minecraft:wheat":189,"minecraft:red_dye":1,"minecraft:cooked_porkchop":3,"minecraft:crafting_table":3,"minecraft:iron_helmet":2,"minecraft:wooden_pickaxe":1,"minecraft:iron_sword":1,"minecraft:red_bed":1,"minecraft:blue_bed":1,"minecraft:stone_axe":2,"minecraft:bread":63,"minecraft:air":0,"minecraft:blue_dye":1,"minecraft:oak_boat":1,"minecraft:iron_chestplate":2,"minecraft:stick":36,"minecraft:iron_ingot":58,"minecraft:iron_pickaxe":2,"minecraft:oak_stairs":32,"minecraft:iron_shovel":1,"minecraft:iron_leggings":2},"minecraft:dropped":{"minecraft:bread":30,"minecraft:wheat_seeds":5,"minecraft:cooked_porkchop":1,"minecraft:iron_helmet":1,"minecraft:cobblestone":33,"minecraft:leather":1,"minecraft:stick":12,"minecraft:oxeye_daisy":4,"minecraft:diorite":14,"minecraft:cornflower":3,"minecraft:wooden_axe":1,"minecraft:iron_leggings":1,"minecraft:oak_stairs":1,"minecraft:iron_axe":1,"minecraft:iron_pickaxe":1,"minecraft:dandelion":6,"minecraft:furnace":1,"minecraft:kelp":1,"minecraft:oak_trapdoor":8,"minecraft:cobbled_deepslate":6,"minecraft:cobblestone_wall":2,"minecraft:rotten_flesh":10,"minecraft:iron_boots":1,"minecraft:oak_planks":274,"minecraft:peony":4,"minecraft:iron_chestplate":1,"minecraft:andesite":12,"minecraft:yellow_bed":1,"minecraft:stone_pickaxe":3,"minecraft:wooden_pickaxe":1},"minecraft:broken":{"minecraft:stone_pickaxe":1,"minecraft:stone_axe":2,"minecraft:stone_shovel":5},"minecraft:used":{"minecraft:oak_fence":6,"minecraft:iron_shovel":96,"minecraft:stone_shovel":675,"minecraft:iron_sword":70,"minecraft:rotten_flesh":4,"minecraft:oak_door":1,"minecraft:torch":19,"minecraft:dirt":539,"minecraft:granite":2,"minecraft:snowball":17,"minecraft:iron_axe":9,"minecraft:oak_stairs":31,"minecraft:furnace":2,"minecraft:stone_pickaxe":274,"minecraft:oak_planks":43,"minecraft:wooden_pickaxe":8,"minecraft:blue_bed":1,"minecraft:crafting_table":7,"minecraft:red_bed":1,"minecraft:white_bed":1,"minecraft:bread":20,"minecraft:iron_pickaxe":124,"minecraft:stone_axe":204,"minecraft:cobblestone":103,"minecraft:cooked_porkchop":4,"minecraft:stripped_oak_wood":2,"minecraft:andesite":7,"minecraft:yellow_bed":2,"minecraft:oak_boat":1},"minecraft:picked_up":{"minecraft:wooden_axe":1,"minecraft:crafting_table":4,"minecraft:oak_stairs":4,"minecraft:brewing_stand":1,"minecraft:cornflower":4,"minecraft:string":37,"minecraft:oak_trapdoor":8,"minecraft:cobbled_deepslate":6,"minecraft:beef":7,"minecraft:cobblestone_slab":10,"minecraft:poppy":2,"minecraft:lectern":1,"minecraft:sugar_cane":7,"minecraft:furnace":2,"minecraft:stick":10,"minecraft:raw_iron":62,"minecraft:oak_door":1,"minecraft:oak_fence":7,"minecraft:torch":10,"minecraft:porkchop":7,"minecraft:diorite":14,"minecraft:rotten_flesh":14,"minecraft:peony":4,"minecraft:hay_block":22,"minecraft:snowball":17,"minecraft:cobblestone":239,"minecraft:oxeye_daisy":4,"minecraft:andesite":19,"minecraft:leather":2,"minecraft:oak_log":10,"minecraft:cobblestone_wall":2,"minecraft:yellow_bed":4,"minecraft:gunpowder":1,"minecraft:cobblestone_stairs":3,"minecraft:lapis_lazuli":125,"minecraft:dirt":539,"minecraft:bone":2,"minecraft:kelp":1,"minecraft:wheat_seeds":5,"minecraft:iron_ingot":34,"minecraft:stone_pickaxe":1,"minecraft:stripped_oak_wood":2,"minecraft:oak_planks":425,"minecraft:book":12,"minecraft:cooked_porkchop":2,"minecraft:dandelion":6,"minecraft:sand":7,"minecraft:white_bed":2,"minecraft:spider_eye":7,"minecraft:granite":13,"minecraft:bread":1,"minecraft:coal":67},"minecraft:custom":{"minecraft:mob_kills":37,"minecraft:interact_with_crafting_table":35,"minecraft:leave_game":1,"minecraft:time_since_death":139983,"minecraft:sprint_one_cm":378499,"minecraft:walk_one_cm":346234,"minecraft:drop":49,"minecraft:talked_to_villager":2,"minecraft:play_time":139983,"minecraft:sneak_time":14047,"minecraft:walk_under_water_one_cm":2234,"minecraft:boat_one_cm":91857,"minecraft:jump":1804,"minecraft:walk_on_water_one_cm":15717,"minecraft:total_world_time":139983,"minecraft:interact_with_furnace":16,"minecraft:sleep_in_bed":7,"minecraft:time_since_rest":32939,"minecraft:damage_taken":831,"minecraft:damage_dealt":5623,"minecraft:swim_one_cm":8501,"minecraft:fly_one_cm":341508,"minecraft:open_chest":2,"minecraft:crouch_one_cm":47773,"minecraft:fall_one_cm":30119}},"DataVersion":4082}