{"stats":{"minecraft:crafted":{"minecraft:oak_planks":4,"minecraft:crafting_table":2,"minecraft:jungle_boat":1,"minecraft:jungle_planks":12},"minecraft:picked_up":{"croptopia:cinnamon_log":2,"minecraft:jungle_log":3,"minecraft:oak_log":1},"minecraft:used":{"minecraft:jungle_boat":1,"minecraft:crafting_table":1},"minecraft:mined":{"minecraft:grass":1,"croptopia:cinnamon_log":2,"minecraft:oak_log":4,"minecraft:vine":2,"minecraft:jungle_log":3,"minecraft:oak_leaves":1,"minecraft:fern":2},"minecraft:custom":{"minecraft:open_chest":1,"minecraft:time_since_rest":15704,"minecraft:crouch_one_cm":1121,"minecraft:play_time":15704,"minecraft:sprint_one_cm":19361,"minecraft:damage_taken":190,"minecraft:walk_one_cm":10314,"minecraft:sneak_time":585,"minecraft:walk_under_water_one_cm":5515,"minecraft:boat_one_cm":33253,"minecraft:jump":135,"minecraft:damage_dealt":19,"minecraft:time_since_death":15704,"minecraft:walk_on_water_one_cm":6931,"minecraft:total_world_time":15704,"minecraft:climb_one_cm":1164,"minecraft:interact_with_crafting_table":1,"minecraft:swim_one_cm":7710,"minecraft:fly_one_cm":20952,"minecraft:fall_one_cm":3259}},"DataVersion":3465}