{"stats":{"minecraft:mined":{"minecraft:sculk_vein":1,"minecraft:sculk":6,"biomesoplenty:hanging_cobweb":2},"minecraft:custom":{"minecraft:jump":42,"minecraft:open_chest":1,"minecraft:time_since_rest":725,"minecraft:leave_game":1,"minecraft:deaths":1,"minecraft:crouch_one_cm":606,"minecraft:damage_taken":380,"minecraft:sprint_one_cm":9727,"minecraft:play_time":5627,"minecraft:walk_on_water_one_cm":436,"minecraft:time_since_death":696,"minecraft:walk_one_cm":17369,"minecraft:sneak_time":177,"minecraft:total_world_time":5627,"minecraft:walk_under_water_one_cm":4393,"minecraft:fall_one_cm":4668,"minecraft:fly_one_cm":4687}},"DataVersion":3465}