{"stats":{"minecraft:mined":{"minecraft:oak_log":2},"minecraft:picked_up":{"minecraft:oak_log":5,"minecraft:wheat_seeds":1},"minecraft:custom":{"minecraft:jump":109,"minecraft:time_since_rest":14119,"minecraft:crouch_one_cm":850,"minecraft:sprint_one_cm":23,"minecraft:walk_on_water_one_cm":5747,"minecraft:play_time":14119,"minecraft:damage_taken":150,"minecraft:time_since_death":14119,"minecraft:walk_one_cm":31214,"minecraft:sneak_time":330,"minecraft:climb_one_cm":2312,"minecraft:total_world_time":14119,"minecraft:walk_under_water_one_cm":3693,"minecraft:swim_one_cm":15071,"minecraft:boat_one_cm":33938,"minecraft:fall_one_cm":2120,"minecraft:fly_one_cm":622}},"DataVersion":3465}