{"stats":{"minecraft:dropped":{"minecraft:wheat_seeds":2,"minecraft:oak_sapling":1},"minecraft:crafted":{"minecraft:wooden_sword":1,"minecraft:oak_planks":8,"minecraft:stick":4,"minecraft:wooden_axe":1},"minecraft:used":{"minecraft:wooden_sword":7},"minecraft:mined":{"minecraft:grass":1,"minecraft:oak_log":6,"minecraft:oak_leaves":3},"minecraft:picked_up":{"minecraft:feather":1,"minecraft:jungle_boat":1,"minecraft:wheat_seeds":2,"minecraft:oak_log":9,"minecraft:oak_sapling":1,"minecraft:string":1},"minecraft:killed_by":{"alexsmobs:tarantula_hawk":1},"minecraft:custom":{"minecraft:deaths":1,"minecraft:time_since_rest":2922,"minecraft:crouch_one_cm":940,"minecraft:play_time":26119,"minecraft:sprint_one_cm":12740,"minecraft:damage_taken":259,"minecraft:walk_one_cm":79142,"minecraft:sneak_time":435,"minecraft:walk_under_water_one_cm":4574,"minecraft:mob_kills":2,"minecraft:boat_one_cm":129663,"minecraft:drop":3,"minecraft:jump":292,"minecraft:damage_dealt":218,"minecraft:time_since_death":2828,"minecraft:walk_on_water_one_cm":10866,"minecraft:total_world_time":26119,"minecraft:climb_one_cm":4864,"minecraft:player_kills":1,"minecraft:swim_one_cm":15520,"minecraft:interact_with_crafting_table":3,"minecraft:fall_one_cm":3901,"minecraft:fly_one_cm":5716},"minecraft:killed":{"alexsmobs:roadrunner":1,"minecraft:spider":1}},"DataVersion":3465}