{"stats":{"minecraft:dropped":{"minecraft:stone_axe":1,"minecraft:wheat_seeds":2,"minecraft:oak_sapling":1,"minecraft:rotten_flesh":1,"gravestone:obituary":1},"minecraft:crafted":{"minecraft:wooden_sword":1,"minecraft:oak_planks":8,"minecraft:stick":4,"minecraft:wooden_axe":1},"minecraft:used":{"minecraft:wooden_axe":22,"minecraft:melon_slice":12,"minecraft:bread":1,"minecraft:jungle_boat":1,"minecraft:stone_axe":5,"minecraft:wooden_sword":25,"regions_unexplored:eucalyptus_log":25,"minecraft:white_bed":1},"minecraft:picked_up":{"regions_unexplored:eucalyptus_sapling":1,"minecraft:stick":2,"minecraft:jungle_boat":1,"minecraft:feather":1,"regions_unexplored:eucalyptus_log":26,"farmersdelight:tomato_seeds":1,"minecraft:oak_log":9,"minecraft:white_bed":1,"regions_unexplored:barley":2,"minecraft:string":2,"minecraft:rotten_flesh":1,"minecraft:stone_axe":1,"minecraft:wheat_seeds":2,"minecraft:oak_boat":1,"minecraft:bread":1,"minecraft:oak_sapling":1,"minecraft:melon_slice":20},"minecraft:mined":{"minecraft:seagrass":1,"minecraft:white_bed":1,"minecraft:crafting_table":1,"gravestone:gravestone":1,"minecraft:grass":2,"minecraft:oak_log":6,"regions_unexplored:eucalyptus_log":26,"farmersdelight:wild_tomatoes":1,"minecraft:oak_leaves":3},"minecraft:killed_by":{"iceandfire:ghost":1,"alexsmobs:tarantula_hawk":1},"minecraft:custom":{"minecraft:time_since_rest":1136,"minecraft:sprint_one_cm":65801,"minecraft:damage_taken":634,"minecraft:walk_one_cm":181179,"minecraft:trigger_trapped_chest":1,"minecraft:mob_kills":2,"minecraft:drop":6,"minecraft:damage_dealt":681,"minecraft:interact_with_crafting_table":3,"minecraft:swim_one_cm":34668,"minecraft:fly_one_cm":22502,"minecraft:player_kills":1,"minecraft:open_chest":1,"minecraft:crouch_one_cm":3105,"minecraft:play_time":49742,"minecraft:deaths":2,"minecraft:sneak_time":988,"minecraft:walk_under_water_one_cm":7760,"minecraft:boat_one_cm":313283,"minecraft:jump":1248,"minecraft:walk_on_water_one_cm":23070,"minecraft:time_since_death":1033,"minecraft:sleep_in_bed":1,"minecraft:climb_one_cm":5078,"minecraft:total_world_time":49742,"minecraft:fall_one_cm":5271},"minecraft:killed":{"alexsmobs:roadrunner":1,"minecraft:spider":1}},"DataVersion":3465}