{"stats":{"minecraft:dropped":{"minecraft:wheat_seeds":2,"minecraft:oak_sapling":1,"gravestone:obituary":1},"minecraft:crafted":{"minecraft:wooden_sword":1,"minecraft:oak_planks":8,"minecraft:stick":4,"minecraft:wooden_axe":1},"minecraft:used":{"minecraft:wooden_axe":22,"minecraft:melon_slice":4,"minecraft:bread":1,"minecraft:stone_axe":5,"minecraft:wooden_sword":13,"regions_unexplored:eucalyptus_log":25},"minecraft:picked_up":{"regions_unexplored:eucalyptus_sapling":1,"minecraft:stick":2,"minecraft:jungle_boat":1,"minecraft:feather":1,"regions_unexplored:eucalyptus_log":26,"minecraft:oak_log":9,"minecraft:white_bed":1,"minecraft:string":2,"minecraft:stone_axe":1,"minecraft:wheat_seeds":2,"minecraft:oak_boat":1,"minecraft:bread":1,"minecraft:oak_sapling":1,"minecraft:melon_slice":20},"minecraft:mined":{"minecraft:seagrass":1,"minecraft:white_bed":1,"minecraft:crafting_table":1,"gravestone:gravestone":1,"minecraft:grass":2,"minecraft:oak_log":6,"regions_unexplored:eucalyptus_log":26,"minecraft:oak_leaves":3},"minecraft:killed_by":{"alexsmobs:tarantula_hawk":1},"minecraft:custom":{"minecraft:time_since_rest":9424,"minecraft:sprint_one_cm":46687,"minecraft:damage_taken":359,"minecraft:walk_one_cm":111069,"minecraft:mob_kills":2,"minecraft:drop":4,"minecraft:damage_dealt":359,"minecraft:interact_with_crafting_table":3,"minecraft:swim_one_cm":34668,"minecraft:fly_one_cm":17846,"minecraft:player_kills":1,"minecraft:open_chest":1,"minecraft:crouch_one_cm":1436,"minecraft:play_time":38119,"minecraft:deaths":1,"minecraft:sneak_time":714,"minecraft:walk_under_water_one_cm":7760,"minecraft:boat_one_cm":170740,"minecraft:jump":761,"minecraft:walk_on_water_one_cm":23070,"minecraft:time_since_death":14828,"minecraft:sleep_in_bed":1,"minecraft:climb_one_cm":5078,"minecraft:total_world_time":38119,"minecraft:fall_one_cm":5271},"minecraft:killed":{"alexsmobs:roadrunner":1,"minecraft:spider":1}},"DataVersion":3465}