{"stats":{"minecraft:mined":{"minecraft:short_grass":1,"minecraft:oak_log":28,"minecraft:oak_leaves":1,"minecraft:crafting_table":1},"minecraft:crafted":{"minecraft:oak_planks":116,"minecraft:stick":12,"minecraft:wooden_axe":1},"minecraft:dropped":{"minecraft:crafting_table":1},"minecraft:used":{"minecraft:wooden_axe":22},"minecraft:picked_up":{"minecraft:crafting_table":1,"minecraft:oak_log":29},"minecraft:custom":{"minecraft:jump":45,"minecraft:time_since_rest":4169,"minecraft:crouch_one_cm":251,"minecraft:sprint_one_cm":2219,"minecraft:play_time":4169,"minecraft:time_since_death":4169,"minecraft:walk_one_cm":12600,"minecraft:sneak_time":255,"minecraft:total_world_time":4169,"minecraft:drop":1,"minecraft:interact_with_crafting_table":2,"minecraft:fall_one_cm":687,"minecraft:fly_one_cm":4807}},"DataVersion":4082}