{"stats":{"minecraft:killed":{"minecraft:skeleton":1},"minecraft:mined":{"minecraft:white_bed":1,"minecraft:crafting_table":2,"minecraft:short_grass":3,"minecraft:grass_block":6,"minecraft:rose_bush":11,"minecraft:cobblestone":1,"minecraft:oak_planks":30,"minecraft:hay_block":1,"minecraft:peony":17,"minecraft:oak_log":99,"minecraft:coal_ore":55,"minecraft:sand":63,"minecraft:dirt":3,"minecraft:stone":13,"minecraft:oak_leaves":5},"minecraft:killed_by":{"minecraft:drowned":1},"minecraft:crafted":{"minecraft:oak_planks":400,"minecraft:cooked_porkchop":2,"minecraft:crafting_table":1,"minecraft:stone_axe":1,"minecraft:air":0,"minecraft:glass":63,"minecraft:stick":12,"minecraft:oak_stairs":8,"minecraft:wooden_axe":1},"minecraft:dropped":{"minecraft:bread":1,"minecraft:kelp":3,"minecraft:crafting_table":1,"minecraft:oak_planks":64,"minecraft:dandelion":1},"minecraft:used":{"minecraft:peony":1,"minecraft:stone_pickaxe":69,"minecraft:oak_planks":374,"minecraft:dirt":20,"minecraft:crafting_table":1,"minecraft:white_bed":1,"minecraft:snowball":7,"minecraft:wooden_axe":30,"minecraft:apple":1,"minecraft:oak_stairs":5,"minecraft:bread":8,"minecraft:stone_axe":130,"minecraft:cobblestone":10,"minecraft:furnace":1,"minecraft:cooked_porkchop":3,"minecraft:egg":1},"minecraft:picked_up":{"minecraft:wooden_axe":1,"minecraft:crafting_table":2,"minecraft:leather":1,"minecraft:oak_stairs":1,"minecraft:oak_log":100,"minecraft:oak_trapdoor":8,"minecraft:dirt":20,"minecraft:bone":1,"minecraft:kelp":3,"minecraft:stone_pickaxe":1,"minecraft:rose_bush":11,"minecraft:oak_planks":195,"minecraft:egg":1,"minecraft:furnace":1,"minecraft:stick":12,"minecraft:cooked_porkchop":1,"minecraft:dandelion":1,"minecraft:sand":63,"minecraft:white_bed":1,"minecraft:peony":17,"minecraft:hay_block":1,"minecraft:bread":21,"minecraft:coal":54,"minecraft:snowball":7,"minecraft:cobblestone":14},"minecraft:custom":{"minecraft:interact_with_furnace":8,"minecraft:mob_kills":2,"minecraft:interact_with_crafting_table":6,"minecraft:bell_ring":3,"minecraft:leave_game":1,"minecraft:time_since_death":60457,"minecraft:sleep_in_bed":5,"minecraft:time_since_rest":2166,"minecraft:sprint_one_cm":89249,"minecraft:damage_taken":665,"minecraft:walk_one_cm":286940,"minecraft:drop":7,"minecraft:damage_dealt":365,"minecraft:swim_one_cm":21645,"minecraft:talked_to_villager":5,"minecraft:fly_one_cm":213732,"minecraft:open_chest":5,"minecraft:crouch_one_cm":15041,"minecraft:play_time":68389,"minecraft:deaths":1,"minecraft:sneak_time":4679,"minecraft:walk_under_water_one_cm":7925,"minecraft:boat_one_cm":92125,"minecraft:jump":1142,"minecraft:walk_on_water_one_cm":16191,"minecraft:total_world_time":68389,"minecraft:fall_one_cm":23588}},"DataVersion":4082}