{"stats":{"minecraft:killed":{"minecraft:skeleton":1},"minecraft:mined":{"minecraft:hay_block":1,"minecraft:white_bed":1,"minecraft:peony":17,"minecraft:crafting_table":2,"minecraft:short_grass":3,"minecraft:coal_ore":55,"minecraft:grass_block":6,"minecraft:oak_log":79,"minecraft:rose_bush":11,"minecraft:dirt":3,"minecraft:sand":63,"minecraft:stone":13,"minecraft:oak_planks":25,"minecraft:oak_leaves":1},"minecraft:killed_by":{"minecraft:drowned":1},"minecraft:crafted":{"minecraft:oak_planks":320,"minecraft:cooked_porkchop":2,"minecraft:crafting_table":1,"minecraft:stick":12,"minecraft:wooden_axe":1,"minecraft:oak_stairs":8,"minecraft:stone_axe":1},"minecraft:dropped":{"minecraft:kelp":3,"minecraft:crafting_table":1,"minecraft:oak_planks":64,"minecraft:dandelion":1},"minecraft:used":{"minecraft:peony":1,"minecraft:wooden_axe":30,"minecraft:apple":1,"minecraft:oak_stairs":5,"minecraft:bread":5,"minecraft:stone_pickaxe":68,"minecraft:oak_planks":207,"minecraft:stone_axe":79,"minecraft:dirt":20,"minecraft:cobblestone":6,"minecraft:crafting_table":1,"minecraft:furnace":1,"minecraft:cooked_porkchop":3,"minecraft:white_bed":1,"minecraft:snowball":7},"minecraft:picked_up":{"minecraft:wooden_axe":1,"minecraft:crafting_table":2,"minecraft:stick":12,"minecraft:cooked_porkchop":1,"minecraft:leather":1,"minecraft:dandelion":1,"minecraft:sand":63,"minecraft:oak_log":80,"minecraft:white_bed":1,"minecraft:dirt":20,"minecraft:bone":1,"minecraft:kelp":3,"minecraft:peony":17,"minecraft:hay_block":1,"minecraft:stone_pickaxe":1,"minecraft:rose_bush":11,"minecraft:bread":21,"minecraft:oak_planks":125,"minecraft:coal":54,"minecraft:snowball":7,"minecraft:furnace":1,"minecraft:cobblestone":13,"minecraft:egg":1},"minecraft:custom":{"minecraft:time_since_rest":3735,"minecraft:interact_with_furnace":6,"minecraft:sprint_one_cm":77942,"minecraft:damage_taken":605,"minecraft:walk_one_cm":222394,"minecraft:mob_kills":2,"minecraft:drop":6,"minecraft:damage_dealt":365,"minecraft:interact_with_crafting_table":6,"minecraft:swim_one_cm":21645,"minecraft:talked_to_villager":5,"minecraft:fly_one_cm":173209,"minecraft:open_chest":4,"minecraft:crouch_one_cm":13969,"minecraft:play_time":56389,"minecraft:deaths":1,"minecraft:sneak_time":4015,"minecraft:walk_under_water_one_cm":7925,"minecraft:boat_one_cm":92125,"minecraft:jump":932,"minecraft:leave_game":1,"minecraft:time_since_death":48457,"minecraft:walk_on_water_one_cm":15396,"minecraft:sleep_in_bed":4,"minecraft:total_world_time":56389,"minecraft:fall_one_cm":20349}},"DataVersion":4082}