{"stats":{"minecraft:killed":{"minecraft:skeleton":1},"minecraft:mined":{"minecraft:hay_block":1,"minecraft:white_bed":1,"minecraft:peony":17,"minecraft:crafting_table":2,"minecraft:short_grass":3,"minecraft:grass_block":3,"minecraft:oak_log":79,"minecraft:rose_bush":11,"minecraft:sand":4,"minecraft:stone":8,"minecraft:oak_planks":11,"minecraft:oak_leaves":1},"minecraft:killed_by":{"minecraft:drowned":1},"minecraft:crafted":{"minecraft:oak_planks":320,"minecraft:cooked_porkchop":2,"minecraft:crafting_table":1,"minecraft:stick":12,"minecraft:wooden_axe":1,"minecraft:oak_stairs":8,"minecraft:stone_axe":1},"minecraft:dropped":{"minecraft:kelp":3,"minecraft:crafting_table":1,"minecraft:oak_planks":64},"minecraft:used":{"minecraft:peony":1,"minecraft:wooden_axe":30,"minecraft:apple":1,"minecraft:oak_stairs":5,"minecraft:bread":4,"minecraft:stone_pickaxe":8,"minecraft:oak_planks":162,"minecraft:stone_axe":65,"minecraft:dirt":3,"minecraft:crafting_table":1,"minecraft:cooked_porkchop":2,"minecraft:white_bed":1,"minecraft:snowball":7},"minecraft:picked_up":{"minecraft:wooden_axe":1,"minecraft:crafting_table":2,"minecraft:stick":12,"minecraft:cooked_porkchop":1,"minecraft:leather":1,"minecraft:dandelion":1,"minecraft:sand":3,"minecraft:oak_log":80,"minecraft:white_bed":1,"minecraft:dirt":11,"minecraft:bone":1,"minecraft:kelp":3,"minecraft:peony":17,"minecraft:hay_block":1,"minecraft:stone_pickaxe":1,"minecraft:rose_bush":11,"minecraft:oak_planks":110,"minecraft:snowball":7,"minecraft:cobblestone":8,"minecraft:egg":1},"minecraft:custom":{"minecraft:time_since_rest":4585,"minecraft:interact_with_furnace":5,"minecraft:sprint_one_cm":73031,"minecraft:damage_taken":465,"minecraft:walk_one_cm":184364,"minecraft:mob_kills":2,"minecraft:drop":5,"minecraft:damage_dealt":365,"minecraft:interact_with_crafting_table":6,"minecraft:swim_one_cm":11515,"minecraft:talked_to_villager":5,"minecraft:fly_one_cm":152039,"minecraft:open_chest":4,"minecraft:crouch_one_cm":13757,"minecraft:play_time":44389,"minecraft:deaths":1,"minecraft:sneak_time":3902,"minecraft:walk_under_water_one_cm":6752,"minecraft:boat_one_cm":92125,"minecraft:jump":754,"minecraft:leave_game":1,"minecraft:time_since_death":36457,"minecraft:walk_on_water_one_cm":12046,"minecraft:sleep_in_bed":3,"minecraft:total_world_time":44389,"minecraft:fall_one_cm":17408}},"DataVersion":4082}