{"stats":{"minecraft:killed":{"minecraft:skeleton":1},"minecraft:mined":{"minecraft:oak_slab":11,"minecraft:white_bed":4,"minecraft:red_bed":1,"minecraft:oak_door":1,"minecraft:crafting_table":2,"minecraft:short_grass":3,"minecraft:grass_block":6,"minecraft:rose_bush":11,"minecraft:glass":3,"minecraft:cobblestone":2,"minecraft:oak_planks":39,"minecraft:hay_block":1,"minecraft:yellow_bed":1,"minecraft:peony":17,"minecraft:oak_log":99,"minecraft:coal_ore":55,"minecraft:sand":63,"minecraft:dirt":3,"minecraft:stone":23,"minecraft:oak_leaves":5},"minecraft:killed_by":{"minecraft:drowned":1},"minecraft:crafted":{"minecraft:oak_slab":12,"minecraft:oak_planks":400,"minecraft:cobblestone_slab":18,"minecraft:cooked_porkchop":2,"minecraft:crafting_table":1,"minecraft:stone_axe":1,"minecraft:air":0,"minecraft:glass":63,"minecraft:stick":12,"minecraft:oak_stairs":8,"minecraft:wooden_axe":1},"minecraft:dropped":{"minecraft:bread":1,"minecraft:kelp":3,"minecraft:crafting_table":1,"minecraft:oak_planks":64,"minecraft:dandelion":1},"minecraft:broken":{"minecraft:stone_axe":1},"minecraft:used":{"minecraft:peony":1,"minecraft:stone_pickaxe":80,"minecraft:oak_planks":400,"minecraft:cobblestone_slab":8,"minecraft:oak_door":1,"minecraft:dirt":20,"minecraft:oak_slab":13,"minecraft:crafting_table":1,"minecraft:white_bed":3,"minecraft:snowball":7,"minecraft:glass":63,"minecraft:wooden_axe":30,"minecraft:apple":1,"minecraft:oak_stairs":5,"minecraft:bread":10,"minecraft:stone_axe":133,"minecraft:cobblestone":11,"minecraft:furnace":1,"minecraft:cooked_porkchop":3,"minecraft:yellow_bed":1,"minecraft:egg":1},"minecraft:picked_up":{"minecraft:wooden_axe":1,"minecraft:crafting_table":2,"minecraft:leather":1,"minecraft:oak_stairs":1,"minecraft:oak_log":100,"minecraft:yellow_bed":1,"minecraft:oak_trapdoor":8,"minecraft:dirt":20,"minecraft:red_bed":1,"minecraft:bone":1,"minecraft:kelp":3,"minecraft:stone_pickaxe":1,"minecraft:rose_bush":11,"minecraft:oak_planks":204,"minecraft:egg":1,"minecraft:furnace":1,"minecraft:oak_slab":11,"minecraft:stick":12,"minecraft:oak_door":1,"minecraft:cooked_porkchop":1,"minecraft:dandelion":1,"minecraft:sand":63,"minecraft:white_bed":4,"minecraft:peony":17,"minecraft:hay_block":1,"minecraft:bread":21,"minecraft:coal":54,"minecraft:snowball":7,"minecraft:cobblestone":25},"minecraft:custom":{"minecraft:interact_with_furnace":8,"minecraft:mob_kills":2,"minecraft:interact_with_crafting_table":12,"minecraft:bell_ring":3,"minecraft:leave_game":1,"minecraft:time_since_death":72457,"minecraft:sleep_in_bed":5,"minecraft:time_since_rest":14166,"minecraft:sprint_one_cm":114695,"minecraft:damage_taken":665,"minecraft:walk_one_cm":343390,"minecraft:drop":7,"minecraft:damage_dealt":365,"minecraft:swim_one_cm":22720,"minecraft:talked_to_villager":5,"minecraft:fly_one_cm":267127,"minecraft:open_chest":5,"minecraft:crouch_one_cm":15210,"minecraft:play_time":80389,"minecraft:deaths":1,"minecraft:sneak_time":4862,"minecraft:walk_under_water_one_cm":10163,"minecraft:boat_one_cm":92125,"minecraft:jump":1322,"minecraft:walk_on_water_one_cm":16841,"minecraft:total_world_time":80389,"minecraft:fall_one_cm":26096}},"DataVersion":4082}