{"stats":{"minecraft:killed":{"minecraft:skeleton":1},"minecraft:mined":{"minecraft:crafting_table":1,"minecraft:peony":17,"minecraft:short_grass":1,"minecraft:grass_block":2,"minecraft:oak_log":28,"minecraft:rose_bush":11,"minecraft:oak_leaves":1},"minecraft:killed_by":{"minecraft:drowned":1},"minecraft:crafted":{"minecraft:oak_planks":116,"minecraft:cooked_porkchop":2,"minecraft:stick":12,"minecraft:wooden_axe":1},"minecraft:dropped":{"minecraft:crafting_table":1},"minecraft:used":{"minecraft:peony":1,"minecraft:wooden_axe":30,"minecraft:dirt":2,"minecraft:cooked_porkchop":1,"minecraft:snowball":7},"minecraft:picked_up":{"minecraft:wooden_axe":1,"minecraft:stick":12,"minecraft:crafting_table":1,"minecraft:cooked_porkchop":1,"minecraft:leather":1,"minecraft:oak_log":29,"minecraft:dirt":2,"minecraft:bone":1,"minecraft:peony":17,"minecraft:rose_bush":11,"minecraft:oak_planks":64,"minecraft:snowball":7},"minecraft:custom":{"minecraft:time_since_rest":8264,"minecraft:interact_with_furnace":5,"minecraft:sprint_one_cm":17700,"minecraft:damage_taken":275,"minecraft:walk_one_cm":82935,"minecraft:mob_kills":2,"minecraft:drop":1,"minecraft:damage_dealt":365,"minecraft:fly_one_cm":30333,"minecraft:interact_with_crafting_table":2,"minecraft:open_chest":2,"minecraft:crouch_one_cm":375,"minecraft:play_time":16169,"minecraft:deaths":1,"minecraft:sneak_time":284,"minecraft:walk_under_water_one_cm":258,"minecraft:boat_one_cm":77245,"minecraft:jump":277,"minecraft:walk_on_water_one_cm":6284,"minecraft:time_since_death":8237,"minecraft:total_world_time":16169,"minecraft:fall_one_cm":5067}},"DataVersion":4082}