{"stats":{"minecraft:killed":{"minecraft:cave_spider":1,"minecraft:spider":4,"minecraft:slime":2,"minecraft:skeleton":1,"minecraft:pig":4,"minecraft:sheep":5,"minecraft:zombie":5,"minecraft:glow_squid":1},"minecraft:mined":{"minecraft:tuff":1,"minecraft:white_bed":4,"minecraft:deepslate_diamond_ore":25,"minecraft:oak_door":1,"minecraft:cherry_log":33,"minecraft:cherry_sapling":2,"minecraft:allium":1,"minecraft:granite":1,"minecraft:grass_block":29,"minecraft:hay_block":1,"minecraft:furnace":1,"minecraft:iron_ore":97,"minecraft:andesite":4,"minecraft:deepslate_lapis_ore":6,"minecraft:peony":17,"minecraft:dirt_path":4,"minecraft:deepslate_iron_ore":1,"minecraft:stone":35,"minecraft:oak_slab":11,"minecraft:red_bed":4,"minecraft:cornflower":1,"minecraft:oak_fence":1,"minecraft:crafting_table":6,"minecraft:short_grass":6,"minecraft:chest":2,"minecraft:rose_bush":11,"minecraft:glass":3,"minecraft:cobblestone":3,"minecraft:lapis_ore":19,"minecraft:deepslate_gold_ore":8,"minecraft:oak_planks":112,"minecraft:diorite":2,"minecraft:blue_bed":1,"minecraft:wall_torch":1,"minecraft:pink_petals":59,"minecraft:yellow_bed":1,"minecraft:coal_ore":71,"minecraft:oak_log":124,"minecraft:cherry_leaves":33,"minecraft:sand":117,"minecraft:dirt":159,"minecraft:gold_ore":10,"minecraft:oak_leaves":30,"minecraft:deepslate":17},"minecraft:killed_by":{"minecraft:spider":1,"minecraft:drowned":1},"minecraft:crafted":{"minecraft:oak_planks":500,"minecraft:cobblestone_slab":18,"minecraft:bone_meal":6,"minecraft:cooked_mutton":8,"minecraft:glass":63,"minecraft:chest":14,"minecraft:cooked_beef":7,"minecraft:oak_slab":12,"minecraft:cooked_porkchop":16,"minecraft:crafting_table":1,"minecraft:baked_potato":4,"minecraft:stone_axe":1,"minecraft:air":0,"minecraft:stick":64,"minecraft:iron_ingot":51,"minecraft:wooden_axe":1,"minecraft:oak_stairs":8,"minecraft:white_bed":1,"minecraft:torch":216},"minecraft:dropped":{"minecraft:bread":5,"minecraft:cooked_beef":4,"minecraft:baked_potato":2,"minecraft:crafting_table":1,"minecraft:oak_fence":1,"minecraft:cobblestone":2,"minecraft:leather":1,"minecraft:granite":11,"minecraft:stick":8,"minecraft:dirt":19,"minecraft:cornflower":1,"minecraft:oak_stairs":3,"minecraft:iron_pickaxe":1,"minecraft:dandelion":1,"minecraft:kelp":3,"minecraft:cobbled_deepslate":5,"minecraft:rotten_flesh":6,"minecraft:oak_planks":66,"minecraft:cooked_mutton":2,"minecraft:cobblestone_slab":10,"minecraft:hay_block":1,"minecraft:allium":1,"minecraft:stone_pickaxe":1},"minecraft:broken":{"minecraft:stone_axe":1},"minecraft:used":{"minecraft:peony":1,"minecraft:oak_trapdoor":7,"minecraft:cherry_sapling":5,"minecraft:stone_sword":28,"minecraft:rose_bush":3,"minecraft:chest":16,"minecraft:oak_door":1,"minecraft:iron_chestplate":1,"minecraft:torch":131,"minecraft:dirt":205,"minecraft:mutton":1,"minecraft:tuff":3,"minecraft:granite":1,"minecraft:snowball":7,"minecraft:glass":63,"minecraft:wooden_axe":30,"minecraft:iron_axe":79,"minecraft:oak_stairs":6,"minecraft:iron_helmet":1,"minecraft:iron_boots":1,"minecraft:furnace":2,"minecraft:egg":1,"minecraft:cooked_beef":3,"minecraft:cobbled_deepslate":13,"minecraft:iron_leggings":1,"minecraft:cooked_mutton":4,"minecraft:diorite":2,"minecraft:oak_planks":400,"minecraft:stone_pickaxe":167,"minecraft:baked_potato":2,"minecraft:blue_bed":1,"minecraft:cobblestone_slab":8,"minecraft:oak_slab":13,"minecraft:crafting_table":7,"minecraft:red_bed":4,"minecraft:cod":1,"minecraft:white_bed":4,"minecraft:apple":1,"minecraft:bread":33,"minecraft:iron_pickaxe":187,"minecraft:stone_axe":133,"minecraft:pink_petals":177,"minecraft:cobblestone":29,"minecraft:white_banner":1,"minecraft:porkchop":5,"minecraft:cooked_porkchop":4,"minecraft:yellow_bed":1,"minecraft:bone_meal":6},"minecraft:picked_up":{"minecraft:wooden_axe":2,"minecraft:crafting_table":9,"minecraft:iron_chestplate":1,"minecraft:allium":1,"minecraft:azure_bluet":1,"minecraft:chicken":1,"minecraft:oak_stairs":5,"minecraft:enchanted_book":1,"minecraft:brewing_stand":1,"minecraft:cornflower":1,"minecraft:oak_trapdoor":9,"minecraft:string":47,"minecraft:red_bed":4,"minecraft:iron_axe":2,"minecraft:flint_and_steel":1,"minecraft:iron_leggings":1,"minecraft:cobbled_deepslate":23,"minecraft:rose_bush":21,"minecraft:cobblestone_slab":20,"minecraft:iron_nugget":6,"minecraft:poppy":1,"minecraft:iron_pickaxe":2,"minecraft:lectern":1,"minecraft:chest":2,"minecraft:sugar_cane":7,"minecraft:furnace":3,"minecraft:iron_boots":1,"minecraft:egg":1,"minecraft:stick":42,"minecraft:raw_iron":159,"minecraft:oak_door":1,"minecraft:oak_fence":3,"minecraft:torch":16,"minecraft:porkchop":10,"minecraft:cherry_log":34,"minecraft:diorite":3,"minecraft:stone_sword":1,"minecraft:arrow":1,"minecraft:rotten_flesh":6,"minecraft:peony":29,"minecraft:hay_block":2,"minecraft:mutton":13,"minecraft:cod":1,"minecraft:snowball":7,"minecraft:white_wool":23,"minecraft:cobblestone":45,"minecraft:pink_petals":177,"minecraft:glow_ink_sac":47,"minecraft:andesite":4,"minecraft:leather":3,"minecraft:potato":4,"minecraft:tuff":3,"minecraft:oak_log":125,"minecraft:yellow_bed":1,"minecraft:gunpowder":5,"minecraft:blue_bed":1,"minecraft:dirt":226,"minecraft:lapis_lazuli":282,"minecraft:white_banner":1,"minecraft:bone":14,"minecraft:kelp":3,"minecraft:bow":1,"minecraft:raw_gold":23,"minecraft:iron_ingot":1,"minecraft:stone_pickaxe":6,"minecraft:stripped_oak_wood":1,"minecraft:oak_planks":380,"minecraft:book":12,"minecraft:oak_slab":25,"minecraft:cooked_porkchop":1,"minecraft:dandelion":1,"minecraft:sand":141,"minecraft:white_bed":4,"minecraft:spider_eye":12,"minecraft:slime_ball":1,"minecraft:diamond":59,"minecraft:stone_axe":1,"minecraft:iron_helmet":1,"minecraft:granite":12,"minecraft:cherry_sapling":26,"minecraft:bread":52,"minecraft:emerald":1,"minecraft:oak_sapling":7,"minecraft:coal":149},"minecraft:custom":{"minecraft:mob_kills":24,"minecraft:interact_with_crafting_table":22,"minecraft:bell_ring":3,"minecraft:leave_game":1,"minecraft:time_since_death":103114,"minecraft:sprint_one_cm":305428,"minecraft:walk_one_cm":929589,"minecraft:drop":32,"minecraft:talked_to_villager":7,"minecraft:play_time":224389,"minecraft:deaths":2,"minecraft:sneak_time":6967,"minecraft:walk_under_water_one_cm":16982,"minecraft:boat_one_cm":92125,"minecraft:jump":3798,"minecraft:walk_on_water_one_cm":31072,"minecraft:total_world_time":224389,"minecraft:interact_with_furnace":39,"minecraft:sleep_in_bed":10,"minecraft:time_since_rest":5037,"minecraft:damage_taken":2409,"minecraft:damage_dealt":3238,"minecraft:swim_one_cm":22720,"minecraft:fly_one_cm":621267,"minecraft:open_chest":91,"minecraft:crouch_one_cm":18583,"minecraft:fall_one_cm":77321}},"DataVersion":4082}