{"stats":{"minecraft:killed":{"minecraft:skeleton":1},"minecraft:mined":{"minecraft:hay_block":1,"minecraft:white_bed":1,"minecraft:crafting_table":1,"minecraft:peony":17,"minecraft:short_grass":1,"minecraft:grass_block":3,"minecraft:oak_log":28,"minecraft:rose_bush":11,"minecraft:oak_leaves":1},"minecraft:killed_by":{"minecraft:drowned":1},"minecraft:crafted":{"minecraft:oak_planks":116,"minecraft:cooked_porkchop":2,"minecraft:crafting_table":1,"minecraft:stick":12,"minecraft:wooden_axe":1},"minecraft:dropped":{"minecraft:kelp":3,"minecraft:crafting_table":1,"minecraft:oak_planks":64},"minecraft:used":{"minecraft:peony":1,"minecraft:wooden_axe":30,"minecraft:bread":3,"minecraft:dirt":3,"minecraft:cooked_porkchop":1,"minecraft:white_bed":1,"minecraft:snowball":7},"minecraft:picked_up":{"minecraft:wooden_axe":1,"minecraft:stick":12,"minecraft:crafting_table":1,"minecraft:cooked_porkchop":1,"minecraft:leather":1,"minecraft:oak_log":29,"minecraft:white_bed":1,"minecraft:dirt":7,"minecraft:bone":1,"minecraft:kelp":3,"minecraft:peony":17,"minecraft:hay_block":1,"minecraft:stone_pickaxe":1,"minecraft:rose_bush":11,"minecraft:oak_planks":99,"minecraft:snowball":7},"minecraft:custom":{"minecraft:time_since_rest":1790,"minecraft:interact_with_furnace":5,"minecraft:sprint_one_cm":42482,"minecraft:damage_taken":385,"minecraft:walk_one_cm":139476,"minecraft:mob_kills":2,"minecraft:drop":5,"minecraft:damage_dealt":365,"minecraft:swim_one_cm":3380,"minecraft:talked_to_villager":2,"minecraft:fly_one_cm":79398,"minecraft:interact_with_crafting_table":2,"minecraft:open_chest":4,"minecraft:crouch_one_cm":2604,"minecraft:play_time":28169,"minecraft:deaths":1,"minecraft:sneak_time":1120,"minecraft:walk_under_water_one_cm":645,"minecraft:boat_one_cm":92125,"minecraft:jump":457,"minecraft:walk_on_water_one_cm":7078,"minecraft:time_since_death":20237,"minecraft:sleep_in_bed":1,"minecraft:total_world_time":28169,"minecraft:fall_one_cm":8598}},"DataVersion":4082}