{"stats":{"minecraft:killed":{"minecraft:cave_spider":1,"minecraft:spider":3,"minecraft:slime":2,"minecraft:skeleton":1,"minecraft:zombie":4,"minecraft:glow_squid":1},"minecraft:mined":{"minecraft:oak_slab":11,"minecraft:tuff":1,"minecraft:white_bed":4,"minecraft:red_bed":3,"minecraft:deepslate_diamond_ore":13,"minecraft:oak_door":1,"minecraft:oak_fence":1,"minecraft:crafting_table":3,"minecraft:granite":1,"minecraft:short_grass":3,"minecraft:grass_block":6,"minecraft:rose_bush":11,"minecraft:deepslate_gold_ore":7,"minecraft:glass":3,"minecraft:cobblestone":2,"minecraft:lapis_ore":19,"minecraft:oak_planks":112,"minecraft:diorite":2,"minecraft:hay_block":1,"minecraft:iron_ore":97,"minecraft:andesite":4,"minecraft:deepslate_lapis_ore":6,"minecraft:yellow_bed":1,"minecraft:peony":17,"minecraft:oak_log":120,"minecraft:coal_ore":71,"minecraft:deepslate_iron_ore":1,"minecraft:sand":63,"minecraft:dirt":7,"minecraft:stone":35,"minecraft:gold_ore":10,"minecraft:oak_leaves":5,"minecraft:deepslate":13},"minecraft:killed_by":{"minecraft:spider":1,"minecraft:drowned":1},"minecraft:crafted":{"minecraft:oak_slab":12,"minecraft:oak_planks":400,"minecraft:cobblestone_slab":18,"minecraft:cooked_porkchop":2,"minecraft:crafting_table":1,"minecraft:stone_axe":1,"minecraft:air":0,"minecraft:glass":63,"minecraft:stick":64,"minecraft:oak_stairs":8,"minecraft:wooden_axe":1,"minecraft:torch":216},"minecraft:dropped":{"minecraft:bread":5,"minecraft:kelp":3,"minecraft:cobbled_deepslate":5,"minecraft:crafting_table":1,"minecraft:rotten_flesh":5,"minecraft:oak_fence":1,"minecraft:cobblestone":2,"minecraft:oak_planks":66,"minecraft:leather":1,"minecraft:granite":11,"minecraft:stick":8,"minecraft:hay_block":1,"minecraft:cobblestone_slab":10,"minecraft:oak_stairs":3,"minecraft:stone_pickaxe":1,"minecraft:dandelion":1},"minecraft:broken":{"minecraft:stone_axe":1},"minecraft:used":{"minecraft:peony":1,"minecraft:oak_trapdoor":7,"minecraft:diorite":2,"minecraft:rose_bush":2,"minecraft:stone_pickaxe":166,"minecraft:oak_planks":400,"minecraft:cobblestone_slab":8,"minecraft:iron_chestplate":1,"minecraft:oak_door":1,"minecraft:torch":48,"minecraft:dirt":24,"minecraft:oak_slab":13,"minecraft:crafting_table":4,"minecraft:red_bed":3,"minecraft:white_bed":4,"minecraft:tuff":3,"minecraft:granite":1,"minecraft:snowball":7,"minecraft:glass":63,"minecraft:wooden_axe":30,"minecraft:apple":1,"minecraft:iron_axe":76,"minecraft:oak_stairs":6,"minecraft:bread":31,"minecraft:iron_pickaxe":162,"minecraft:iron_helmet":1,"minecraft:iron_boots":1,"minecraft:stone_axe":133,"minecraft:cobblestone":29,"minecraft:furnace":1,"minecraft:cooked_porkchop":3,"minecraft:yellow_bed":1,"minecraft:egg":1,"minecraft:cobbled_deepslate":10,"minecraft:iron_leggings":1},"minecraft:picked_up":{"minecraft:wooden_axe":2,"minecraft:iron_chestplate":1,"minecraft:crafting_table":5,"minecraft:glow_ink_sac":4,"minecraft:andesite":4,"minecraft:leather":2,"minecraft:potato":4,"minecraft:oak_stairs":4,"minecraft:tuff":3,"minecraft:oak_log":121,"minecraft:brewing_stand":1,"minecraft:yellow_bed":1,"minecraft:string":5,"minecraft:lapis_lazuli":169,"minecraft:oak_trapdoor":9,"minecraft:dirt":24,"minecraft:red_bed":3,"minecraft:iron_axe":2,"minecraft:iron_leggings":1,"minecraft:bone":1,"minecraft:kelp":3,"minecraft:bow":1,"minecraft:raw_gold":17,"minecraft:cobbled_deepslate":20,"minecraft:stone_pickaxe":5,"minecraft:cobblestone_slab":10,"minecraft:rose_bush":20,"minecraft:iron_pickaxe":2,"minecraft:oak_planks":348,"minecraft:iron_boots":1,"minecraft:egg":1,"minecraft:furnace":1,"minecraft:raw_iron":99,"minecraft:oak_slab":21,"minecraft:stick":12,"minecraft:oak_door":1,"minecraft:cooked_porkchop":1,"minecraft:oak_fence":3,"minecraft:dandelion":1,"minecraft:sand":63,"minecraft:diorite":3,"minecraft:white_bed":4,"minecraft:spider_eye":2,"minecraft:diamond":13,"minecraft:arrow":1,"minecraft:rotten_flesh":5,"minecraft:slime_ball":1,"minecraft:peony":29,"minecraft:iron_helmet":1,"minecraft:hay_block":2,"minecraft:granite":12,"minecraft:emerald":1,"minecraft:bread":51,"minecraft:coal":114,"minecraft:snowball":7,"minecraft:cobblestone":45},"minecraft:custom":{"minecraft:interact_with_furnace":15,"minecraft:mob_kills":13,"minecraft:interact_with_crafting_table":16,"minecraft:bell_ring":3,"minecraft:leave_game":1,"minecraft:time_since_death":31114,"minecraft:sleep_in_bed":7,"minecraft:time_since_rest":31141,"minecraft:sprint_one_cm":177582,"minecraft:damage_taken":1738,"minecraft:walk_one_cm":636269,"minecraft:drop":23,"minecraft:damage_dealt":2056,"minecraft:swim_one_cm":22720,"minecraft:talked_to_villager":5,"minecraft:fly_one_cm":390086,"minecraft:open_chest":5,"minecraft:crouch_one_cm":17595,"minecraft:play_time":152389,"minecraft:deaths":2,"minecraft:sneak_time":6355,"minecraft:walk_under_water_one_cm":11099,"minecraft:boat_one_cm":92125,"minecraft:jump":2371,"minecraft:walk_on_water_one_cm":23903,"minecraft:total_world_time":152389,"minecraft:fall_one_cm":46264}},"DataVersion":4082}