{"stats":{"minecraft:killed":{"minecraft:spider":1,"minecraft:skeleton":1},"minecraft:mined":{"minecraft:oak_slab":11,"minecraft:white_bed":4,"minecraft:red_bed":3,"minecraft:oak_door":1,"minecraft:oak_fence":1,"minecraft:crafting_table":3,"minecraft:short_grass":3,"minecraft:grass_block":6,"minecraft:rose_bush":11,"minecraft:glass":3,"minecraft:cobblestone":2,"minecraft:lapis_ore":6,"minecraft:oak_planks":62,"minecraft:diorite":2,"minecraft:hay_block":1,"minecraft:iron_ore":41,"minecraft:andesite":4,"minecraft:yellow_bed":1,"minecraft:peony":17,"minecraft:oak_log":99,"minecraft:coal_ore":71,"minecraft:deepslate_iron_ore":1,"minecraft:sand":63,"minecraft:dirt":7,"minecraft:stone":27,"minecraft:oak_leaves":5,"minecraft:deepslate":5},"minecraft:killed_by":{"minecraft:drowned":1},"minecraft:crafted":{"minecraft:oak_slab":12,"minecraft:oak_planks":400,"minecraft:cobblestone_slab":18,"minecraft:cooked_porkchop":2,"minecraft:crafting_table":1,"minecraft:stone_axe":1,"minecraft:air":0,"minecraft:glass":63,"minecraft:stick":12,"minecraft:oak_stairs":8,"minecraft:wooden_axe":1,"minecraft:torch":40},"minecraft:dropped":{"minecraft:bread":1,"minecraft:kelp":3,"minecraft:crafting_table":1,"minecraft:oak_planks":66,"minecraft:stone_pickaxe":1,"minecraft:dandelion":1},"minecraft:broken":{"minecraft:stone_axe":1},"minecraft:used":{"minecraft:peony":1,"minecraft:oak_trapdoor":7,"minecraft:rose_bush":2,"minecraft:stone_pickaxe":166,"minecraft:oak_planks":400,"minecraft:cobblestone_slab":8,"minecraft:oak_door":1,"minecraft:torch":33,"minecraft:dirt":24,"minecraft:oak_slab":13,"minecraft:crafting_table":3,"minecraft:red_bed":3,"minecraft:white_bed":4,"minecraft:snowball":7,"minecraft:glass":63,"minecraft:wooden_axe":30,"minecraft:apple":1,"minecraft:oak_stairs":6,"minecraft:bread":15,"minecraft:stone_axe":133,"minecraft:cobblestone":18,"minecraft:furnace":1,"minecraft:cooked_porkchop":3,"minecraft:yellow_bed":1,"minecraft:egg":1},"minecraft:picked_up":{"minecraft:wooden_axe":1,"minecraft:crafting_table":4,"minecraft:andesite":4,"minecraft:leather":1,"minecraft:oak_stairs":1,"minecraft:oak_log":100,"minecraft:yellow_bed":1,"minecraft:lapis_lazuli":38,"minecraft:oak_trapdoor":8,"minecraft:dirt":24,"minecraft:red_bed":3,"minecraft:bone":1,"minecraft:kelp":3,"minecraft:cobbled_deepslate":5,"minecraft:stone_pickaxe":3,"minecraft:rose_bush":11,"minecraft:iron_pickaxe":1,"minecraft:oak_planks":230,"minecraft:egg":1,"minecraft:furnace":1,"minecraft:raw_iron":42,"minecraft:oak_slab":11,"minecraft:stick":12,"minecraft:oak_door":1,"minecraft:cooked_porkchop":1,"minecraft:oak_fence":1,"minecraft:dandelion":1,"minecraft:sand":63,"minecraft:diorite":2,"minecraft:white_bed":4,"minecraft:spider_eye":1,"minecraft:peony":17,"minecraft:hay_block":1,"minecraft:bread":30,"minecraft:coal":70,"minecraft:snowball":7,"minecraft:cobblestone":32},"minecraft:custom":{"minecraft:interact_with_furnace":13,"minecraft:mob_kills":3,"minecraft:interact_with_crafting_table":15,"minecraft:bell_ring":3,"minecraft:leave_game":1,"minecraft:time_since_death":108457,"minecraft:sleep_in_bed":7,"minecraft:time_since_rest":20939,"minecraft:sprint_one_cm":132396,"minecraft:damage_taken":865,"minecraft:walk_one_cm":459643,"minecraft:drop":9,"minecraft:damage_dealt":525,"minecraft:swim_one_cm":22720,"minecraft:talked_to_villager":5,"minecraft:fly_one_cm":296292,"minecraft:open_chest":5,"minecraft:crouch_one_cm":17087,"minecraft:play_time":116389,"minecraft:deaths":1,"minecraft:sneak_time":5927,"minecraft:walk_under_water_one_cm":11099,"minecraft:boat_one_cm":92125,"minecraft:jump":1599,"minecraft:walk_on_water_one_cm":18141,"minecraft:total_world_time":116389,"minecraft:fall_one_cm":29285}},"DataVersion":4082}