{"stats":{"minecraft:killed":{"minecraft:cave_spider":1,"minecraft:spider":3,"minecraft:slime":2,"minecraft:skeleton":1,"minecraft:zombie":5,"minecraft:glow_squid":1},"minecraft:mined":{"minecraft:tuff":1,"minecraft:white_bed":4,"minecraft:deepslate_diamond_ore":25,"minecraft:oak_door":1,"minecraft:granite":1,"minecraft:grass_block":6,"minecraft:hay_block":1,"minecraft:iron_ore":97,"minecraft:andesite":4,"minecraft:deepslate_lapis_ore":6,"minecraft:peony":17,"minecraft:deepslate_iron_ore":1,"minecraft:stone":35,"minecraft:oak_slab":11,"minecraft:red_bed":3,"minecraft:oak_fence":1,"minecraft:crafting_table":4,"minecraft:short_grass":3,"minecraft:rose_bush":11,"minecraft:glass":3,"minecraft:cobblestone":3,"minecraft:lapis_ore":19,"minecraft:deepslate_gold_ore":8,"minecraft:oak_planks":112,"minecraft:diorite":2,"minecraft:yellow_bed":1,"minecraft:coal_ore":71,"minecraft:oak_log":120,"minecraft:sand":63,"minecraft:dirt":7,"minecraft:gold_ore":10,"minecraft:oak_leaves":5,"minecraft:deepslate":17},"minecraft:killed_by":{"minecraft:spider":1,"minecraft:drowned":1},"minecraft:crafted":{"minecraft:oak_planks":400,"minecraft:cobblestone_slab":18,"minecraft:glass":63,"minecraft:cooked_beef":7,"minecraft:oak_slab":12,"minecraft:cooked_porkchop":2,"minecraft:crafting_table":1,"minecraft:baked_potato":4,"minecraft:stone_axe":1,"minecraft:air":0,"minecraft:stick":64,"minecraft:wooden_axe":1,"minecraft:oak_stairs":8,"minecraft:torch":216},"minecraft:dropped":{"minecraft:bread":5,"minecraft:cooked_beef":4,"minecraft:baked_potato":2,"minecraft:crafting_table":1,"minecraft:oak_fence":1,"minecraft:cobblestone":2,"minecraft:leather":1,"minecraft:granite":11,"minecraft:stick":8,"minecraft:oak_stairs":3,"minecraft:dandelion":1,"minecraft:kelp":3,"minecraft:cobbled_deepslate":5,"minecraft:rotten_flesh":6,"minecraft:oak_planks":66,"minecraft:cobblestone_slab":10,"minecraft:hay_block":1,"minecraft:stone_pickaxe":1},"minecraft:broken":{"minecraft:stone_axe":1},"minecraft:used":{"minecraft:peony":1,"minecraft:oak_trapdoor":7,"minecraft:rose_bush":2,"minecraft:oak_door":1,"minecraft:iron_chestplate":1,"minecraft:torch":117,"minecraft:dirt":24,"minecraft:tuff":3,"minecraft:granite":1,"minecraft:snowball":7,"minecraft:glass":63,"minecraft:wooden_axe":30,"minecraft:iron_axe":76,"minecraft:oak_stairs":6,"minecraft:iron_helmet":1,"minecraft:iron_boots":1,"minecraft:furnace":1,"minecraft:egg":1,"minecraft:cooked_beef":2,"minecraft:cobbled_deepslate":13,"minecraft:iron_leggings":1,"minecraft:diorite":2,"minecraft:oak_planks":400,"minecraft:stone_pickaxe":166,"minecraft:baked_potato":1,"minecraft:cobblestone_slab":8,"minecraft:oak_slab":13,"minecraft:crafting_table":4,"minecraft:red_bed":3,"minecraft:white_bed":4,"minecraft:apple":1,"minecraft:bread":33,"minecraft:iron_pickaxe":187,"minecraft:stone_axe":133,"minecraft:cobblestone":29,"minecraft:cooked_porkchop":3,"minecraft:yellow_bed":1},"minecraft:picked_up":{"minecraft:wooden_axe":2,"minecraft:crafting_table":6,"minecraft:iron_chestplate":1,"minecraft:oak_stairs":4,"minecraft:brewing_stand":1,"minecraft:oak_trapdoor":9,"minecraft:string":5,"minecraft:red_bed":3,"minecraft:iron_axe":2,"minecraft:iron_leggings":1,"minecraft:cobbled_deepslate":23,"minecraft:rose_bush":20,"minecraft:cobblestone_slab":10,"minecraft:iron_pickaxe":2,"minecraft:furnace":2,"minecraft:iron_boots":1,"minecraft:egg":1,"minecraft:stick":12,"minecraft:raw_iron":99,"minecraft:oak_door":1,"minecraft:oak_fence":3,"minecraft:diorite":3,"minecraft:arrow":1,"minecraft:rotten_flesh":6,"minecraft:peony":29,"minecraft:hay_block":2,"minecraft:snowball":7,"minecraft:cobblestone":45,"minecraft:glow_ink_sac":8,"minecraft:andesite":4,"minecraft:leather":2,"minecraft:potato":4,"minecraft:tuff":3,"minecraft:oak_log":121,"minecraft:yellow_bed":1,"minecraft:dirt":24,"minecraft:lapis_lazuli":169,"minecraft:bone":1,"minecraft:kelp":3,"minecraft:bow":1,"minecraft:raw_gold":18,"minecraft:stone_pickaxe":5,"minecraft:oak_planks":380,"minecraft:oak_slab":25,"minecraft:cooked_porkchop":1,"minecraft:dandelion":1,"minecraft:sand":63,"minecraft:white_bed":4,"minecraft:spider_eye":2,"minecraft:slime_ball":1,"minecraft:diamond":25,"minecraft:iron_helmet":1,"minecraft:granite":12,"minecraft:bread":52,"minecraft:emerald":1,"minecraft:coal":114},"minecraft:custom":{"minecraft:mob_kills":14,"minecraft:interact_with_crafting_table":17,"minecraft:bell_ring":3,"minecraft:leave_game":1,"minecraft:time_since_death":43114,"minecraft:sprint_one_cm":206944,"minecraft:walk_one_cm":682567,"minecraft:drop":26,"minecraft:talked_to_villager":5,"minecraft:play_time":164389,"minecraft:deaths":2,"minecraft:sneak_time":6491,"minecraft:walk_under_water_one_cm":14779,"minecraft:boat_one_cm":92125,"minecraft:jump":2692,"minecraft:walk_on_water_one_cm":27091,"minecraft:total_world_time":164389,"minecraft:interact_with_furnace":27,"minecraft:sleep_in_bed":7,"minecraft:time_since_rest":43141,"minecraft:damage_taken":1994,"minecraft:damage_dealt":2255,"minecraft:swim_one_cm":22720,"minecraft:fly_one_cm":437172,"minecraft:open_chest":5,"minecraft:crouch_one_cm":17746,"minecraft:fall_one_cm":56053}},"DataVersion":4082}