{
  "regions_unexplored:recipes/decorations/palm_beard_from_palm_log": {
    "criteria": {
      "has_log": "2024-07-20 21:28:40 +0000"
    },
    "done": true
  },
  "minecraft:recipes/decorations/ladder": {
    "criteria": {
      "has_stick": "2024-07-20 21:12:28 +0000"
    },
    "done": true
  },
  "pfm:recipes/furniture/lime_simple_sofa": {
    "criteria": {
      "has_wool": "2024-07-20 21:11:55 +0000"
    },
    "done": true
  },
  "pfm:recipes/furniture/dark_oak_white_simple_bed": {
    "criteria": {
      "has_bed": "2024-07-20 21:23:36 +0000"
    },
    "done": true
  },
  "regions_unexplored:recipes/transportation/maple_boat": {
    "criteria": {
      "in_water": "2024-07-20 21:09:10 +0000"
    },
    "done": true
  },
  "pfm:recipes/furniture/bamboo_white_simple_bed": {
    "criteria": {
      "has_bed": "2024-07-20 21:23:36 +0000"
    },
    "done": true
  },
  "regions_unexplored:recipes/transportation/baobab_chest_boat": {
    "criteria": {
      "has_boat": "2024-07-20 21:10:19 +0000"
    },
    "done": true
  },
  "pfm:recipes/furniture/palm_regions_unexplored_kitchen_cabinet": {
    "criteria": {
      "has_planks": "2024-07-20 21:28:41 +0000"
    },
    "done": true
  },
  "pfm:recipes/furniture/green_bioshroom_regions_unexplored_white_classic_bed": {
    "criteria": {
      "has_bed": "2024-07-20 21:23:36 +0000"
    },
    "done": true
  },
  "cfm:recipes/decorations/oak_coffee_table": {
    "criteria": {
      "has_log": "2024-07-20 21:11:55 +0000"
    },
    "done": true
  },
  "regions_unexplored:recipes/redstone/palm_fence_gate": {
    "criteria": {
      "has_palm_planks": "2024-07-20 21:28:41 +0000"
    },
    "done": true
  },
  "minecraft:recipes/building_blocks/jungle_wood": {
    "criteria": {
      "has_log": "2024-07-20 21:09:50 +0000"
    },
    "done": true
  },
  "pfm:recipes/furniture/kapok_regions_unexplored_simple_stool": {
    "criteria": {
      "has_planks": "2024-07-20 21:29:02 +0000"
    },
    "done": true
  },
  "pfm:recipes/furniture/mangrove_white_simple_bed": {
    "criteria": {
      "has_bed": "2024-07-20 21:23:36 +0000"
    },
    "done": true
  },
  "pfm:recipes/furniture/joshua_regions_unexplored_white_classic_bed": {
    "criteria": {
      "has_bed": "2024-07-20 21:23:36 +0000"
    },
    "done": true
  },
  "pfm:recipes/furniture/pink_arm_chair": {
    "criteria": {
      "has_wool": "2024-07-20 21:11:55 +0000"
    },
    "done": true
  },
  "pfm:recipes/furniture/palm_regions_unexplored_kitchen_wall_small_drawer": {
    "criteria": {
      "has_planks": "2024-07-20 21:28:41 +0000"
    },
    "done": true
  },
  "regions_unexplored:recipes/transportation/larch_chest_boat": {
    "criteria": {
      "has_boat": "2024-07-20 21:10:19 +0000"
    },
    "done": true
  },
  "farmersdelight:recipes/food/melon_popsicle": {
    "criteria": {
      "has_melon": "2024-07-20 21:29:38 +0000"
    },
    "done": true
  },
  "pfm:recipes/furniture/mauve_regions_unexplored_white_simple_bed": {
    "criteria": {
      "has_bed": "2024-07-20 21:23:36 +0000"
    },
    "done": true
  },
  "pfm:recipes/furniture/baobab_regions_unexplored_white_classic_bed": {
    "criteria": {
      "has_bed": "2024-07-20 21:23:36 +0000"
    },
    "done": true
  },
  "minecraft:recipes/tools/wooden_axe": {
    "criteria": {
      "has_stick": "2024-07-20 21:12:28 +0000"
    },
    "done": true
  },
  "regions_unexplored:recipes/transportation/magnolia_boat": {
    "criteria": {
      "in_water": "2024-07-20 21:09:10 +0000"
    },
    "done": true
  },
  "pfm:recipes/furniture/maple_mysticsbiomes_white_classic_bed": {
    "criteria": {
      "has_bed": "2024-07-20 21:23:36 +0000"
    },
    "done": true
  },
  "minecraft:recipes/transportation/spruce_chest_boat": {
    "criteria": {
      "has_boat": "2024-07-20 21:10:19 +0000"
    },
    "done": true
  },
  "mysticsbiomes:recipes/transportation/jacaranda_boat": {
    "criteria": {
      "in_water": "2024-07-20 21:09:10 +0000"
    },
    "done": true
  },
  "pfm:recipes/furniture/kapok_regions_unexplored_white_simple_bed": {
    "criteria": {
      "has_bed": "2024-07-20 21:23:36 +0000"
    },
    "done": true
  },
  "travelersbackpack:recipes/misc/crafting_upgrade": {
    "criteria": {
      "has_crafting_table": "2024-07-20 21:10:02 +0000"
    },
    "done": true
  },
  "regions_unexplored:recipes/building_blocks/brown_painted_planks": {
    "criteria": {
      "has_planks": "2024-07-20 21:09:59 +0000"
    },
    "done": true
  },
  "minecraft:recipes/decorations/crafting_table": {
    "criteria": {
      "unlock_right_away": "2024-07-20 20:59:00 +0000"
    },
    "done": true
  },
  "minecraft:recipes/decorations/chest": {
    "criteria": {
      "has_lots_of_items": "2024-07-20 21:11:13 +0000"
    },
    "done": true
  },
  "minecraft:recipes/misc/stick": {
    "criteria": {
      "has_planks": "2024-07-20 21:09:59 +0000"
    },
    "done": true
  },
  "cfm:recipes/decorations/stripped_jungle_cabinet": {
    "criteria": {
      "has_log": "2024-07-20 21:09:50 +0000"
    },
    "done": true
  },
  "pfm:recipes/furniture/palm_regions_unexplored_classic_nightstand": {
    "criteria": {
      "has_planks": "2024-07-20 21:28:41 +0000"
    },
    "done": true
  },
  "pfm:recipes/furniture/oak_kitchen_wall_drawer": {
    "criteria": {
      "has_planks": "2024-07-20 21:12:02 +0000"
    },
    "done": true
  },
  "pfm:recipes/furniture/magenta_simple_sofa": {
    "criteria": {
      "has_wool": "2024-07-20 21:11:55 +0000"
    },
    "done": true
  },
  "minecraft:adventure/sleep_in_bed": {
    "criteria": {
      "slept_in_bed": "2024-07-20 21:23:39 +0000"
    },
    "done": true
  },
  "minecraft:recipes/transportation/cherry_boat": {
    "criteria": {
      "in_water": "2024-07-20 21:09:10 +0000"
    },
    "done": true
  },
  "pfm:recipes/furniture/oak_classic_nightstand": {
    "criteria": {
      "has_planks": "2024-07-20 21:12:02 +0000"
    },
    "done": true
  },
  "pfm:recipes/furniture/strawberry_mysticsbiomes_white_classic_bed": {
    "criteria": {
      "has_bed": "2024-07-20 21:23:36 +0000"
    },
    "done": true
  },
  "cfm:recipes/decorations/oak_desk_cabinet": {
    "criteria": {
      "has_log": "2024-07-20 21:11:55 +0000"
    },
    "done": true
  },
  "minecraft:recipes/transportation/mangrove_chest_boat": {
    "criteria": {
      "has_boat": "2024-07-20 21:10:19 +0000"
    },
    "done": true
  },
  "minecraft:recipes/decorations/gray_carpet": {
    "criteria": {
      "has_gray_wool": "2024-07-20 21:20:36 +0000"
    },
    "done": true
  },
  "minecraft:recipes/redstone/tripwire_hook": {
    "criteria": {
      "has_string": "2024-07-20 21:29:56 +0000"
    },
    "done": true
  },
  "pfm:recipes/root": {
    "criteria": {
      "has_planks": "2024-07-20 21:09:59 +0000"
    },
    "done": true
  },
  "pfm:recipes/furniture/acacia_white_classic_bed": {
    "criteria": {
      "has_bed": "2024-07-20 21:23:36 +0000"
    },
    "done": true
  },
  "pfm:recipes/furniture/green_simple_sofa": {
    "criteria": {
      "has_wool": "2024-07-20 21:11:55 +0000"
    },
    "done": true
  },
  "pfm:recipes/furniture/eucalyptus_regions_unexplored_white_classic_bed": {
    "criteria": {
      "has_bed": "2024-07-20 21:23:36 +0000"
    },
    "done": true
  },
  "pfm:recipes/furniture/oak_kitchen_sink": {
    "criteria": {
      "has_planks": "2024-07-20 21:12:02 +0000"
    },
    "done": true
  },
  "minecraft:recipes/decorations/candle": {
    "criteria": {
      "has_string": "2024-07-20 21:29:56 +0000"
    },
    "done": true
  },
  "pfm:recipes/furniture/blue_arm_chair": {
    "criteria": {
      "has_wool": "2024-07-20 21:11:55 +0000"
    },
    "done": true
  },
  "cfm:recipes/decorations/stripped_oak_kitchen_drawer": {
    "criteria": {
      "has_log": "2024-07-20 21:11:55 +0000"
    },
    "done": true
  },
  "minecraft:recipes/transportation/oak_chest_boat": {
    "criteria": {
      "has_boat": "2024-07-20 21:10:19 +0000"
    },
    "done": true
  },
  "pfm:recipes/furniture/willow_regions_unexplored_white_classic_bed": {
    "criteria": {
      "has_bed": "2024-07-20 21:23:36 +0000"
    },
    "done": true
  },
  "cfm:recipes/decorations/jungle_kitchen_counter": {
    "criteria": {
      "has_log": "2024-07-20 21:09:50 +0000"
    },
    "done": true
  },
  "pfm:recipes/furniture/jungle_table_modern_dinner": {
    "criteria": {
      "has_planks": "2024-07-20 21:09:59 +0000"
    },
    "done": true
  },
  "regions_unexplored:recipes/building_blocks/cyan_painted_planks": {
    "criteria": {
      "has_planks": "2024-07-20 21:09:59 +0000"
    },
    "done": true
  },
  "cfm:recipes/decorations/stripped_jungle_table": {
    "criteria": {
      "has_planks": "2024-07-20 21:09:50 +0000"
    },
    "done": true
  },
  "pfm:grant_book_on_first_join": {
    "criteria": {
      "tick": "2024-07-20 20:59:00 +0000"
    },
    "done": true
  },
  "pfm:recipes/furniture/blue_bioshroom_regions_unexplored_white_simple_bed": {
    "criteria": {
      "has_bed": "2024-07-20 21:23:36 +0000"
    },
    "done": true
  },
  "pfm:recipes/furniture/palm_regions_unexplored_chair_classic": {
    "criteria": {
      "has_planks": "2024-07-20 21:28:41 +0000"
    },
    "done": true
  },
  "minecraft:recipes/building_blocks/jungle_stairs": {
    "criteria": {
      "has_planks": "2024-07-20 21:09:59 +0000"
    },
    "done": true
  },
  "pfm:recipes/furniture/jungle_kitchen_wall_counter": {
    "criteria": {
      "has_planks": "2024-07-20 21:09:59 +0000"
    },
    "done": true
  },
  "croptopia:recipes/campfire_toast": {
    "criteria": {
      "has_bread": "2024-07-20 21:26:02 +0000"
    },
    "done": true
  },
  "iceandfire:iceandfire/root": {
    "criteria": {
      "tick": "2024-07-20 20:59:00 +0000"
    },
    "done": true
  },
  "pfm:recipes/furniture/palm_regions_unexplored_kitchen_counter_oven": {
    "criteria": {
      "has_planks": "2024-07-20 21:28:41 +0000"
    },
    "done": true
  },
  "pfm:recipes/furniture/kapok_regions_unexplored_kitchen_cabinet": {
    "criteria": {
      "has_planks": "2024-07-20 21:29:02 +0000"
    },
    "done": true
  },
  "croptopia:recipes/misc/cinnamon_wood": {
    "criteria": {
      "has_cinnamon_log": "2024-07-20 21:09:33 +0000"
    },
    "done": true
  },
  "pfm:recipes/furniture/warped_white_classic_bed": {
    "criteria": {
      "has_bed": "2024-07-20 21:23:36 +0000"
    },
    "done": true
  },
  "cfm:recipes/decorations/jungle_bedside_cabinet": {
    "criteria": {
      "has_log": "2024-07-20 21:09:50 +0000"
    },
    "done": true
  },
  "cfm:recipes/decorations/oak_upgraded_fence": {
    "criteria": {
      "has_log": "2024-07-20 21:11:55 +0000"
    },
    "done": true
  },
  "farmersdelight:recipes/cooking/hot_cocoa": {
    "criteria": {
      "has_any_ingredient": "2024-07-20 21:14:15 +0000"
    },
    "done": true
  },
  "pfm:recipes/furniture/cobalt_regions_unexplored_white_simple_bed": {
    "criteria": {
      "has_bed": "2024-07-20 21:23:36 +0000"
    },
    "done": true
  },
  "regions_unexplored:recipes/building_blocks/palm_wood": {
    "criteria": {
      "has_log": "2024-07-20 21:28:40 +0000"
    },
    "done": true
  },
  "minecraft:recipes/building_blocks/oak_slab": {
    "criteria": {
      "has_planks": "2024-07-20 21:12:02 +0000"
    },
    "done": true
  },
  "pfm:recipes/furniture/jungle_modern_stool": {
    "criteria": {
      "has_planks": "2024-07-20 21:09:59 +0000"
    },
    "done": true
  },
  "pfm:recipes/furniture/oak_raw_table_log": {
    "criteria": {
      "has_log": "2024-07-20 21:11:55 +0000"
    },
    "done": true
  },
  "pfm:recipes/furniture/crimson_white_classic_bed": {
    "criteria": {
      "has_bed": "2024-07-20 21:23:36 +0000"
    },
    "done": true
  },
  "minecraft:recipes/decorations/campfire": {
    "criteria": {
      "has_stick": "2024-07-20 21:12:28 +0000"
    },
    "done": true
  },
  "pfm:recipes/furniture/spruce_white_simple_bed": {
    "criteria": {
      "has_bed": "2024-07-20 21:23:36 +0000"
    },
    "done": true
  },
  "minecraft:recipes/redstone/jungle_trapdoor": {
    "criteria": {
      "has_planks": "2024-07-20 21:09:59 +0000"
    },
    "done": true
  },
  "pfm:recipes/furniture/warped_white_simple_bed": {
    "criteria": {
      "has_bed": "2024-07-20 21:23:36 +0000"
    },
    "done": true
  },
  "pfm:recipes/furniture/cobalt_regions_unexplored_white_classic_bed": {
    "criteria": {
      "has_bed": "2024-07-20 21:23:36 +0000"
    },
    "done": true
  },
  "pfm:recipes/furniture/jungle_table_classic": {
    "criteria": {
      "has_planks": "2024-07-20 21:09:59 +0000"
    },
    "done": true
  },
  "regions_unexplored:recipes/transportation/redwood_chest_boat": {
    "criteria": {
      "has_boat": "2024-07-20 21:10:19 +0000"
    },
    "done": true
  },
  "cfm:recipes/decorations/oak_blinds": {
    "criteria": {
      "has_log": "2024-07-20 21:11:55 +0000"
    },
    "done": true
  },
  "minecraft:recipes/decorations/jungle_sign": {
    "criteria": {
      "has_planks": "2024-07-20 21:09:59 +0000"
    },
    "done": true
  },
  "mysticsbiomes:recipes/transportation/peach_chest_boat": {
    "criteria": {
      "has_boat": "2024-07-20 21:10:19 +0000"
    },
    "done": true
  },
  "regions_unexplored:recipes/redstone/palm_trapdoor": {
    "criteria": {
      "has_palm_planks": "2024-07-20 21:28:41 +0000"
    },
    "done": true
  },
  "travelersbackpack:recipes/decorations/gray_sleeping_bag": {
    "criteria": {
      "has_gray_wool": "2024-07-20 21:20:36 +0000"
    },
    "done": true
  },
  "pfm:recipes/furniture/magnolia_regions_unexplored_white_classic_bed": {
    "criteria": {
      "has_bed": "2024-07-20 21:23:36 +0000"
    },
    "done": true
  },
  "minecraft:recipes/redstone/oak_door": {
    "criteria": {
      "has_planks": "2024-07-20 21:12:02 +0000"
    },
    "done": true
  },
  "cfm:recipes/decorations/gray_sofa": {
    "criteria": {
      "has_wool": "2024-07-20 21:20:36 +0000"
    },
    "done": true
  },
  "pfm:recipes/furniture/white_arm_chair": {
    "criteria": {
      "has_wool": "2024-07-20 21:11:55 +0000"
    },
    "done": true
  },
  "pfm:recipes/furniture/oak_chair_classic_brown": {
    "criteria": {
      "oak_chair_classic_brown": "2024-07-20 21:29:23 +0000"
    },
    "done": true
  },
  "minecraft:recipes/building_blocks/melon": {
    "criteria": {
      "has_melon": "2024-07-20 21:29:38 +0000"
    },
    "done": true
  },
  "cfm:recipes/decorations/gray_trampoline": {
    "criteria": {
      "has_wool": "2024-07-20 21:20:36 +0000"
    },
    "done": true
  },
  "cfm:recipes/decorations/jungle_crate": {
    "criteria": {
      "has_log": "2024-07-20 21:09:50 +0000"
    },
    "done": true
  },
  "pfm:recipes/furniture/black_arm_chair": {
    "criteria": {
      "has_wool": "2024-07-20 21:11:55 +0000"
    },
    "done": true
  },
  "minecraft:recipes/building_blocks/cobblestone_slab": {
    "criteria": {
      "has_cobblestone": "2024-07-20 21:21:44 +0000"
    },
    "done": true
  },
  "pfm:recipes/furniture/purple_arm_chair": {
    "criteria": {
      "has_wool": "2024-07-20 21:11:55 +0000"
    },
    "done": true
  },
  "pfm:recipes/furniture/maple_regions_unexplored_white_classic_bed": {
    "criteria": {
      "has_bed": "2024-07-20 21:23:36 +0000"
    },
    "done": true
  },
  "pfm:recipes/furniture/pine_regions_unexplored_white_classic_bed": {
    "criteria": {
      "has_bed": "2024-07-20 21:23:36 +0000"
    },
    "done": true
  },
  "pfm:recipes/furniture/palm_regions_unexplored_classic_stool": {
    "criteria": {
      "has_planks": "2024-07-20 21:28:41 +0000"
    },
    "done": true
  },
  "regions_unexplored:recipes/decorations/jungle_branch_from_jungle_log": {
    "criteria": {
      "has_log": "2024-07-20 21:09:50 +0000"
    },
    "done": true
  },
  "minecraft:recipes/transportation/acacia_boat": {
    "criteria": {
      "in_water": "2024-07-20 21:09:10 +0000"
    },
    "done": true
  },
  "cfm:recipes/decorations/jungle_desk_cabinet": {
    "criteria": {
      "has_log": "2024-07-20 21:09:50 +0000"
    },
    "done": true
  },
  "pfm:recipes/furniture/sea_foam_mysticsbiomes_white_classic_bed": {
    "criteria": {
      "has_bed": "2024-07-20 21:23:36 +0000"
    },
    "done": true
  },
  "pfm:recipes/furniture/yellow_bioshroom_regions_unexplored_white_simple_bed": {
    "criteria": {
      "has_bed": "2024-07-20 21:23:36 +0000"
    },
    "done": true
  },
  "minecraft:recipes/decorations/jungle_fence": {
    "criteria": {
      "has_planks": "2024-07-20 21:09:59 +0000"
    },
    "done": true
  },
  "cfm:recipes/decorations/oak_table": {
    "criteria": {
      "has_log": "2024-07-20 21:11:55 +0000"
    },
    "done": true
  },
  "minecraft:recipes/combat/wooden_sword": {
    "criteria": {
      "has_stick": "2024-07-20 21:12:28 +0000"
    },
    "done": true
  },
  "minecraft:recipes/decorations/gray_banner": {
    "criteria": {
      "has_gray_wool": "2024-07-20 21:20:36 +0000"
    },
    "done": true
  },
  "minecraft:recipes/building_blocks/oak_planks": {
    "criteria": {
      "has_logs": "2024-07-20 21:11:55 +0000"
    },
    "done": true
  },
  "pfm:recipes/furniture/jungle_kitchen_wall_drawer": {
    "criteria": {
      "has_planks": "2024-07-20 21:09:59 +0000"
    },
    "done": true
  },
  "minecraft:recipes/decorations/cobblestone_wall_from_cobblestone_stonecutting": {
    "criteria": {
      "has_cobblestone": "2024-07-20 21:21:44 +0000"
    },
    "done": true
  },
  "pfm:recipes/furniture/oak_white_simple_bed": {
    "criteria": {
      "has_bed": "2024-07-20 21:23:36 +0000"
    },
    "done": true
  },
  "regions_unexplored:recipes/building_blocks/orange_painted_planks": {
    "criteria": {
      "has_planks": "2024-07-20 21:09:59 +0000"
    },
    "done": true
  },
  "minecraft:recipes/building_blocks/cobblestone_stairs": {
    "criteria": {
      "has_cobblestone": "2024-07-20 21:21:44 +0000"
    },
    "done": true
  },
  "regions_unexplored:recipes/decorations/palm_fence": {
    "criteria": {
      "has_palm_planks": "2024-07-20 21:28:41 +0000"
    },
    "done": true
  },
  "farmersdelight:recipes/food/pie_crust": {
    "criteria": {
      "has_wheat": "2024-07-20 21:25:29 +0000"
    },
    "done": true
  },
  "pfm:recipes/furniture/palm_regions_unexplored_chair_modern": {
    "criteria": {
      "has_planks": "2024-07-20 21:28:41 +0000"
    },
    "done": true
  },
  "pfm:recipes/furniture/palm_regions_unexplored_table_classic": {
    "criteria": {
      "has_planks": "2024-07-20 21:28:41 +0000"
    },
    "done": true
  },
  "pfm:recipes/furniture/brimwood_regions_unexplored_white_simple_bed": {
    "criteria": {
      "has_bed": "2024-07-20 21:23:36 +0000"
    },
    "done": true
  },
  "cfm:recipes/decorations/stripped_jungle_park_bench": {
    "criteria": {
      "has_log": "2024-07-20 21:09:50 +0000"
    },
    "done": true
  },
  "regions_unexplored:recipes/decorations/kapok_branch_from_kapok_log": {
    "criteria": {
      "has_log": "2024-07-20 21:28:49 +0000"
    },
    "done": true
  },
  "pfm:recipes/furniture/jungle_white_simple_bed": {
    "criteria": {
      "has_bed": "2024-07-20 21:23:36 +0000"
    },
    "done": true
  },
  "regions_unexplored:got_wood": {
    "criteria": {
      "palm_log": "2024-07-20 21:28:40 +0000",
      "kapok_log": "2024-07-20 21:28:49 +0000"
    },
    "done": false
  },
  "mcwfurnitures:recipes/jungle": {
    "criteria": {
      "has_wood": "2024-07-20 21:09:50 +0000"
    },
    "done": true
  },
  "pfm:recipes/furniture/pine_regions_unexplored_white_simple_bed": {
    "criteria": {
      "has_bed": "2024-07-20 21:23:36 +0000"
    },
    "done": true
  },
  "pfm:recipes/furniture/palm_regions_unexplored_table_modern_dinner": {
    "criteria": {
      "has_planks": "2024-07-20 21:28:41 +0000"
    },
    "done": true
  },
  "cfm:recipes/decorations/stripped_oak_desk": {
    "criteria": {
      "has_planks": "2024-07-20 21:11:55 +0000"
    },
    "done": true
  },
  "minecraft:recipes/transportation/jungle_boat": {
    "criteria": {
      "in_water": "2024-07-20 21:09:10 +0000"
    },
    "done": true
  },
  "travelersbackpack:recipes/misc/hay": {
    "criteria": {
      "has_wheat": "2024-07-20 21:25:29 +0000"
    },
    "done": true
  },
  "regions_unexplored:recipes/building_blocks/red_painted_planks": {
    "criteria": {
      "has_planks": "2024-07-20 21:09:59 +0000"
    },
    "done": true
  },
  "minecraft:recipes/redstone/lever": {
    "criteria": {
      "has_cobblestone": "2024-07-20 21:21:44 +0000"
    },
    "done": true
  },
  "farmersdelight:recipes/cooking/dog_food": {
    "criteria": {
      "has_any_ingredient": "2024-07-20 21:26:16 +0000"
    },
    "done": true
  },
  "cfm:recipes/decorations/oak_kitchen_counter": {
    "criteria": {
      "has_log": "2024-07-20 21:11:55 +0000"
    },
    "done": true
  },
  "cfm:recipes/decorations/jungle_cabinet": {
    "criteria": {
      "has_log": "2024-07-20 21:09:50 +0000"
    },
    "done": true
  },
  "regions_unexplored:recipes/transportation/magnolia_chest_boat": {
    "criteria": {
      "has_boat": "2024-07-20 21:10:19 +0000"
    },
    "done": true
  },
  "cfm:recipes/decorations/stripped_oak_kitchen_counter": {
    "criteria": {
      "has_log": "2024-07-20 21:11:55 +0000"
    },
    "done": true
  },
  "travelersbackpack:recipes/misc/coal": {
    "criteria": {
      "has_coal": "2024-07-20 21:25:32 +0000"
    },
    "done": true
  },
  "pfm:recipes/furniture/birch_white_classic_bed": {
    "criteria": {
      "has_bed": "2024-07-20 21:23:36 +0000"
    },
    "done": true
  },
  "regions_unexplored:recipes/transportation/pine_chest_boat": {
    "criteria": {
      "has_boat": "2024-07-20 21:10:19 +0000"
    },
    "done": true
  },
  "cfm:recipes/decorations/stripped_oak_table": {
    "criteria": {
      "has_planks": "2024-07-20 21:11:55 +0000"
    },
    "done": true
  },
  "cfm:recipes/decorations/jungle_chair": {
    "criteria": {
      "has_log": "2024-07-20 21:09:50 +0000"
    },
    "done": true
  },
  "regions_unexplored:recipes/transportation/pine_boat": {
    "criteria": {
      "in_water": "2024-07-20 21:09:10 +0000"
    },
    "done": true
  },
  "mysticsbiomes:recipes/transportation/tropical_boat": {
    "criteria": {
      "in_water": "2024-07-20 21:09:10 +0000"
    },
    "done": true
  },
  "pfm:recipes/furniture/socotra_regions_unexplored_white_simple_bed": {
    "criteria": {
      "has_bed": "2024-07-20 21:23:36 +0000"
    },
    "done": true
  },
  "pfm:recipes/furniture/thornwood_alexscaves_white_simple_bed": {
    "criteria": {
      "has_bed": "2024-07-20 21:23:36 +0000"
    },
    "done": true
  },
  "regions_unexplored:recipes/redstone/kapok_door": {
    "criteria": {
      "has_kapok_planks": "2024-07-20 21:29:02 +0000"
    },
    "done": true
  },
  "minecraft:recipes/redstone/oak_trapdoor": {
    "criteria": {
      "has_planks": "2024-07-20 21:12:02 +0000"
    },
    "done": true
  },
  "cfm:recipes/decorations/stripped_oak_desk_cabinet": {
    "criteria": {
      "has_planks": "2024-07-20 21:11:55 +0000"
    },
    "done": true
  },
  "pfm:recipes/furniture/light_gray_arm_chair": {
    "criteria": {
      "has_wool": "2024-07-20 21:11:55 +0000"
    },
    "done": true
  },
  "minecraft:recipes/combat/stone_sword": {
    "criteria": {
      "has_cobblestone": "2024-07-20 21:21:44 +0000"
    },
    "done": true
  },
  "minecraft:recipes/decorations/cobblestone_wall": {
    "criteria": {
      "has_cobblestone": "2024-07-20 21:21:44 +0000"
    },
    "done": true
  },
  "pfm:recipes/furniture/green_bioshroom_regions_unexplored_white_simple_bed": {
    "criteria": {
      "has_bed": "2024-07-20 21:23:36 +0000"
    },
    "done": true
  },
  "minecraft:recipes/tools/stone_axe": {
    "criteria": {
      "has_cobblestone": "2024-07-20 21:21:44 +0000"
    },
    "done": true
  },
  "farmersdelight:recipes/food/wheat_dough_from_eggs": {
    "criteria": {
      "has_wheat": "2024-07-20 21:25:29 +0000"
    },
    "done": true
  },
  "regions_unexplored:recipes/building_blocks/green_painted_planks": {
    "criteria": {
      "has_planks": "2024-07-20 21:09:59 +0000"
    },
    "done": true
  },
  "pfm:recipes/furniture/lime_arm_chair": {
    "criteria": {
      "has_wool": "2024-07-20 21:11:55 +0000"
    },
    "done": true
  },
  "minecraft:recipes/combat/bow": {
    "criteria": {
      "has_string": "2024-07-20 21:29:56 +0000"
    },
    "done": true
  },
  "pfm:recipes/furniture/jacaranda_mysticsbiomes_white_classic_bed": {
    "criteria": {
      "has_bed": "2024-07-20 21:23:36 +0000"
    },
    "done": true
  },
  "pfm:recipes/furniture/light_gray_simple_sofa": {
    "criteria": {
      "has_wool": "2024-07-20 21:11:55 +0000"
    },
    "done": true
  },
  "pfm:recipes/furniture/jungle_classic_stool": {
    "criteria": {
      "has_planks": "2024-07-20 21:09:59 +0000"
    },
    "done": true
  },
  "pfm:recipes/furniture/gray_shower_towel": {
    "criteria": {
      "has_gray_wool": "2024-07-20 21:20:36 +0000"
    },
    "done": true
  },
  "pfm:recipes/furniture/brown_shower_towel": {
    "criteria": {
      "has_brown_wool": "2024-07-20 21:29:23 +0000"
    },
    "done": true
  },
  "cfm:recipes/decorations/jungle_blinds": {
    "criteria": {
      "has_log": "2024-07-20 21:09:50 +0000"
    },
    "done": true
  },
  "pfm:recipes/furniture/palm_regions_unexplored_table_log": {
    "criteria": {
      "has_log": "2024-07-20 21:28:41 +0000"
    },
    "done": true
  },
  "mysticsbiomes:recipes/transportation/peach_boat": {
    "criteria": {
      "in_water": "2024-07-20 21:09:10 +0000"
    },
    "done": true
  },
  "cfm:recipes/decorations/oak_chair": {
    "criteria": {
      "has_log": "2024-07-20 21:11:55 +0000"
    },
    "done": true
  },
  "pfm:recipes/furniture/peach_mysticsbiomes_white_classic_bed": {
    "criteria": {
      "has_bed": "2024-07-20 21:23:36 +0000"
    },
    "done": true
  },
  "pfm:recipes/furniture/jungle_table_dinner": {
    "criteria": {
      "has_planks": "2024-07-20 21:09:59 +0000"
    },
    "done": true
  },
  "pfm:recipes/furniture/jungle_kitchen_wall_small_drawer": {
    "criteria": {
      "has_planks": "2024-07-20 21:09:59 +0000"
    },
    "done": true
  },
  "pfm:recipes/furniture/oak_modern_stool": {
    "criteria": {
      "has_planks": "2024-07-20 21:12:02 +0000"
    },
    "done": true
  },
  "cfm:recipes/decorations/stripped_oak_cabinet": {
    "criteria": {
      "has_log": "2024-07-20 21:11:55 +0000"
    },
    "done": true
  },
  "pfm:recipes/furniture/kapok_regions_unexplored_kitchen_wall_counter": {
    "criteria": {
      "has_planks": "2024-07-20 21:29:02 +0000"
    },
    "done": true
  },
  "croptopia:recipes/cheeseburger": {
    "criteria": {
      "has_bread": "2024-07-20 21:26:02 +0000"
    },
    "done": true
  },
  "regions_unexplored:recipes/building_blocks/light_gray_painted_planks": {
    "criteria": {
      "has_planks": "2024-07-20 21:09:59 +0000"
    },
    "done": true
  },
  "pfm:recipes/furniture/jungle_chair": {
    "criteria": {
      "has_planks": "2024-07-20 21:09:59 +0000"
    },
    "done": true
  },
  "pfm:recipes/furniture/palm_regions_unexplored_kitchen_sink": {
    "criteria": {
      "has_planks": "2024-07-20 21:28:41 +0000"
    },
    "done": true
  },
  "mysticsbiomes:recipes/transportation/cherry_boat": {
    "criteria": {
      "in_water": "2024-07-20 21:09:10 +0000"
    },
    "done": true
  },
  "regions_unexplored:recipes/building_blocks/palm_planks": {
    "criteria": {
      "has_logs": "2024-07-20 21:28:40 +0000"
    },
    "done": true
  },
  "pfm:recipes/furniture/mauve_regions_unexplored_white_classic_bed": {
    "criteria": {
      "has_bed": "2024-07-20 21:23:36 +0000"
    },
    "done": true
  },
  "pfm:recipes/furniture/oak_white_classic_bed": {
    "criteria": {
      "has_bed": "2024-07-20 21:23:36 +0000"
    },
    "done": true
  },
  "pfm:recipes/furniture/yellow_bioshroom_regions_unexplored_white_classic_bed": {
    "criteria": {
      "has_bed": "2024-07-20 21:23:36 +0000"
    },
    "done": true
  },
  "pfm:recipes/furniture/yellow_simple_sofa": {
    "criteria": {
      "has_wool": "2024-07-20 21:11:55 +0000"
    },
    "done": true
  },
  "regions_unexplored:recipes/transportation/socotra_boat": {
    "criteria": {
      "in_water": "2024-07-20 21:09:10 +0000"
    },
    "done": true
  },
  "pfm:recipes/furniture/jungle_classic_nightstand": {
    "criteria": {
      "has_planks": "2024-07-20 21:09:59 +0000"
    },
    "done": true
  },
  "iceandfire:recipes/misc/earplugs": {
    "criteria": {
      "has_item": "2024-07-20 21:09:59 +0000"
    },
    "done": true
  },
  "regions_unexplored:recipes/building_blocks/yellow_painted_planks": {
    "criteria": {
      "has_planks": "2024-07-20 21:09:59 +0000"
    },
    "done": true
  },
  "regions_unexplored:recipes/transportation/eucalyptus_chest_boat": {
    "criteria": {
      "has_boat": "2024-07-20 21:10:19 +0000"
    },
    "done": true
  },
  "croptopia:recipes/food/toast_from_smoking_bread": {
    "criteria": {
      "has_bread": "2024-07-20 21:26:02 +0000"
    },
    "done": true
  },
  "pfm:recipes/furniture/white_simple_sofa": {
    "criteria": {
      "has_wool": "2024-07-20 21:11:55 +0000"
    },
    "done": true
  },
  "minecraft:recipes/transportation/spruce_boat": {
    "criteria": {
      "in_water": "2024-07-20 21:09:10 +0000"
    },
    "done": true
  },
  "regions_unexplored:recipes/building_blocks/purple_painted_planks": {
    "criteria": {
      "has_planks": "2024-07-20 21:09:59 +0000"
    },
    "done": true
  },
  "pfm:recipes/furniture/larch_regions_unexplored_white_simple_bed": {
    "criteria": {
      "has_bed": "2024-07-20 21:23:36 +0000"
    },
    "done": true
  },
  "regions_unexplored:recipes/transportation/dead_boat": {
    "criteria": {
      "in_water": "2024-07-20 21:09:10 +0000"
    },
    "done": true
  },
  "pfm:recipes/furniture/eucalyptus_regions_unexplored_white_simple_bed": {
    "criteria": {
      "has_bed": "2024-07-20 21:23:36 +0000"
    },
    "done": true
  },
  "regions_unexplored:recipes/building_blocks/kapok_slab": {
    "criteria": {
      "has_kapok_planks": "2024-07-20 21:29:02 +0000"
    },
    "done": true
  },
  "pfm:recipes/furniture/kapok_regions_unexplored_table_classic": {
    "criteria": {
      "has_planks": "2024-07-20 21:29:02 +0000"
    },
    "done": true
  },
  "cfm:recipes/decorations/jungle_upgraded_fence": {
    "criteria": {
      "has_log": "2024-07-20 21:09:50 +0000"
    },
    "done": true
  },
  "pfm:recipes/furniture/gray_simple_sofa": {
    "criteria": {
      "has_wool": "2024-07-20 21:11:55 +0000"
    },
    "done": true
  },
  "pfm:recipes/furniture/strawberry_mysticsbiomes_white_simple_bed": {
    "criteria": {
      "has_bed": "2024-07-20 21:23:36 +0000"
    },
    "done": true
  },
  "pfm:recipes/furniture/palm_regions_unexplored_simple_stool": {
    "criteria": {
      "has_planks": "2024-07-20 21:28:41 +0000"
    },
    "done": true
  },
  "pfm:recipes/furniture/kapok_regions_unexplored_classic_nightstand": {
    "criteria": {
      "has_planks": "2024-07-20 21:29:02 +0000"
    },
    "done": true
  },
  "minecraft:recipes/transportation/mangrove_boat": {
    "criteria": {
      "in_water": "2024-07-20 21:09:10 +0000"
    },
    "done": true
  },
  "pfm:recipes/furniture/jungle_kitchen_drawer": {
    "criteria": {
      "has_planks": "2024-07-20 21:09:59 +0000"
    },
    "done": true
  },
  "pfm:recipes/furniture/jungle_raw_table_log": {
    "criteria": {
      "has_log": "2024-07-20 21:09:50 +0000"
    },
    "done": true
  },
  "minecraft:recipes/transportation/dark_oak_chest_boat": {
    "criteria": {
      "has_boat": "2024-07-20 21:10:19 +0000"
    },
    "done": true
  },
  "minecraft:recipes/brewing/glistering_melon_slice": {
    "criteria": {
      "has_melon": "2024-07-20 21:29:38 +0000"
    },
    "done": true
  },
  "pfm:recipes/furniture/mangrove_white_classic_bed": {
    "criteria": {
      "has_bed": "2024-07-20 21:23:36 +0000"
    },
    "done": true
  },
  "pfm:recipes/furniture/jungle_kitchen_counter": {
    "criteria": {
      "has_planks": "2024-07-20 21:09:59 +0000"
    },
    "done": true
  },
  "minecraft:recipes/brewing/fermented_spider_eye": {
    "criteria": {
      "has_spider_eye": "2024-07-20 21:31:38 +0000"
    },
    "done": true
  },
  "pfm:recipes/furniture/jungle_chair_classic": {
    "criteria": {
      "has_planks": "2024-07-20 21:09:59 +0000"
    },
    "done": true
  },
  "regions_unexplored:recipes/transportation/dead_chest_boat": {
    "criteria": {
      "has_boat": "2024-07-20 21:10:19 +0000"
    },
    "done": true
  },
  "minecraft:recipes/tools/flint_and_steel": {
    "criteria": {
      "has_obsidian": "2024-07-20 21:11:12 +0000"
    },
    "done": true
  },
  "pfm:recipes/furniture/maple_mysticsbiomes_white_simple_bed": {
    "criteria": {
      "has_bed": "2024-07-20 21:23:36 +0000"
    },
    "done": true
  },
  "regions_unexplored:recipes/redstone/palm_pressure_plate": {
    "criteria": {
      "has_palm_planks": "2024-07-20 21:28:41 +0000"
    },
    "done": true
  },
  "regions_unexplored:regions_explored": {
    "criteria": {
      "rocky_reef": "2024-07-20 21:21:34 +0000",
      "eucalyptus_forest": "2024-07-20 21:25:05 +0000",
      "rainforest": "2024-07-20 21:25:08 +0000"
    },
    "done": false
  },
  "cfm:recipes/decorations/oak_park_bench": {
    "criteria": {
      "has_log": "2024-07-20 21:11:55 +0000"
    },
    "done": true
  },
  "pfm:recipes/furniture/kapok_regions_unexplored_kitchen_wall_small_drawer": {
    "criteria": {
      "has_planks": "2024-07-20 21:29:02 +0000"
    },
    "done": true
  },
  "minecraft:recipes/tools/wooden_pickaxe": {
    "criteria": {
      "has_stick": "2024-07-20 21:12:28 +0000"
    },
    "done": true
  },
  "pfm:recipes/furniture/sea_foam_mysticsbiomes_white_simple_bed": {
    "criteria": {
      "has_bed": "2024-07-20 21:23:36 +0000"
    },
    "done": true
  },
  "regions_unexplored:recipes/building_blocks/kapok_planks": {
    "criteria": {
      "has_logs": "2024-07-20 21:28:49 +0000"
    },
    "done": true
  },
  "regions_unexplored:recipes/transportation/maple_chest_boat": {
    "criteria": {
      "has_boat": "2024-07-20 21:10:19 +0000"
    },
    "done": true
  },
  "minecraft:recipes/redstone/oak_pressure_plate": {
    "criteria": {
      "has_planks": "2024-07-20 21:12:02 +0000"
    },
    "done": true
  },
  "regions_unexplored:recipes/transportation/baobab_boat": {
    "criteria": {
      "in_water": "2024-07-20 21:09:10 +0000"
    },
    "done": true
  },
  "mysticsbiomes:recipes/transportation/sea_foam_chest_boat": {
    "criteria": {
      "has_boat": "2024-07-20 21:10:19 +0000"
    },
    "done": true
  },
  "minecraft:recipes/food/cooked_mutton_from_campfire_cooking": {
    "criteria": {
      "has_mutton": "2024-07-20 21:18:13 +0000"
    },
    "done": true
  },
  "farmersdelight:recipes/cooking/pasta_with_mutton_chop": {
    "criteria": {
      "has_any_ingredient": "2024-07-20 21:18:13 +0000"
    },
    "done": true
  },
  "pfm:recipes/furniture/palm_regions_unexplored_log_stool": {
    "criteria": {
      "has_log": "2024-07-20 21:28:40 +0000"
    },
    "done": true
  },
  "mysticsbiomes:recipes/transportation/maple_chest_boat": {
    "criteria": {
      "has_boat": "2024-07-20 21:10:19 +0000"
    },
    "done": true
  },
  "pfm:recipes/furniture/gray_arm_chair": {
    "criteria": {
      "has_wool": "2024-07-20 21:11:55 +0000"
    },
    "done": true
  },
  "regions_unexplored:pioneer": {
    "criteria": {
      "rocky_reef": "2024-07-20 21:21:34 +0000",
      "eucalyptus_forest": "2024-07-20 21:25:05 +0000",
      "rainforest": "2024-07-20 21:25:08 +0000"
    },
    "done": false
  },
  "pfm:recipes/furniture/jungle_table_basic": {
    "criteria": {
      "has_planks": "2024-07-20 21:09:59 +0000"
    },
    "done": true
  },
  "pfm:recipes/furniture/kapok_regions_unexplored_kitchen_sink": {
    "criteria": {
      "has_planks": "2024-07-20 21:29:02 +0000"
    },
    "done": true
  },
  "pfm:recipes/furniture/cherry_white_simple_bed": {
    "criteria": {
      "has_bed": "2024-07-20 21:23:36 +0000"
    },
    "done": true
  },
  "pfm:recipes/furniture/palm_regions_unexplored_kitchen_wall_counter": {
    "criteria": {
      "has_planks": "2024-07-20 21:28:41 +0000"
    },
    "done": true
  },
  "farmersdelight:recipes/building_blocks/organic_compost_from_rotten_flesh": {
    "criteria": {
      "has_rotten_flesh": "2024-07-20 21:26:16 +0000"
    },
    "done": true
  },
  "minecraft:recipes/redstone/jungle_pressure_plate": {
    "criteria": {
      "has_planks": "2024-07-20 21:09:59 +0000"
    },
    "done": true
  },
  "pfm:recipes/furniture/palm_regions_unexplored_chair_dinner": {
    "criteria": {
      "has_planks": "2024-07-20 21:28:41 +0000"
    },
    "done": true
  },
  "cfm:recipes/decorations/oak_cabinet": {
    "criteria": {
      "has_log": "2024-07-20 21:11:55 +0000"
    },
    "done": true
  },
  "minecraft:adventure/kill_a_mob": {
    "criteria": {
      "minecraft:zombie": "2024-07-20 21:26:15 +0000"
    },
    "done": true
  },
  "pfm:recipes/furniture/dead_regions_unexplored_white_simple_bed": {
    "criteria": {
      "has_bed": "2024-07-20 21:23:36 +0000"
    },
    "done": true
  },
  "regions_unexplored:recipes/building_blocks/kapok_stairs": {
    "criteria": {
      "has_kapok_planks": "2024-07-20 21:29:02 +0000"
    },
    "done": true
  },
  "regions_unexplored:recipes/building_blocks/palm_stairs": {
    "criteria": {
      "has_palm_planks": "2024-07-20 21:28:41 +0000"
    },
    "done": true
  },
  "pfm:recipes/furniture/kapok_regions_unexplored_chair_dinner": {
    "criteria": {
      "has_planks": "2024-07-20 21:29:02 +0000"
    },
    "done": true
  },
  "pfm:recipes/furniture/redwood_regions_unexplored_white_classic_bed": {
    "criteria": {
      "has_bed": "2024-07-20 21:23:36 +0000"
    },
    "done": true
  },
  "cfm:recipes/decorations/stripped_jungle_crate": {
    "criteria": {
      "has_planks": "2024-07-20 21:09:50 +0000"
    },
    "done": true
  },
  "minecraft:husbandry/balanced_diet": {
    "criteria": {
      "mutton": "2024-07-20 21:24:47 +0000",
      "bread": "2024-07-20 21:26:05 +0000",
      "rotten_flesh": "2024-07-20 21:27:59 +0000",
      "melon_slice": "2024-07-20 21:30:28 +0000"
    },
    "done": false
  },
  "cfm:recipes/decorations/oak_kitchen_drawer": {
    "criteria": {
      "has_log": "2024-07-20 21:11:55 +0000"
    },
    "done": true
  },
  "pfm:recipes/furniture/oak_chair_classic_white": {
    "criteria": {
      "oak_chair_classic_white": "2024-07-20 21:18:13 +0000"
    },
    "done": true
  },
  "pfm:recipes/furniture/acacia_white_simple_bed": {
    "criteria": {
      "has_bed": "2024-07-20 21:23:36 +0000"
    },
    "done": true
  },
  "regions_unexplored:recipes/transportation/joshua_boat": {
    "criteria": {
      "in_water": "2024-07-20 21:09:10 +0000"
    },
    "done": true
  },
  "minecraft:recipes/transportation/dark_oak_boat": {
    "criteria": {
      "in_water": "2024-07-20 21:09:10 +0000"
    },
    "done": true
  },
  "mysticsbiomes:recipes/transportation/tropical_chest_boat": {
    "criteria": {
      "has_boat": "2024-07-20 21:10:19 +0000"
    },
    "done": true
  },
  "regions_unexplored:recipes/building_blocks/lime_painted_planks": {
    "criteria": {
      "has_planks": "2024-07-20 21:09:59 +0000"
    },
    "done": true
  },
  "regions_unexplored:recipes/transportation/mauve_chest_boat": {
    "criteria": {
      "has_boat": "2024-07-20 21:10:19 +0000"
    },
    "done": true
  },
  "pfm:recipes/furniture/kapok_regions_unexplored_kitchen_wall_drawer": {
    "criteria": {
      "has_planks": "2024-07-20 21:29:02 +0000"
    },
    "done": true
  },
  "minecraft:recipes/decorations/brown_banner": {
    "criteria": {
      "has_brown_wool": "2024-07-20 21:29:23 +0000"
    },
    "done": true
  },
  "pfm:recipes/furniture/jungle_table_log": {
    "criteria": {
      "has_log": "2024-07-20 21:09:59 +0000"
    },
    "done": true
  },
  "farmersdelight:recipes/food/melon_juice": {
    "criteria": {
      "has_melon_slice": "2024-07-20 21:29:38 +0000"
    },
    "done": true
  },
  "regions_unexplored:recipes/transportation/blackwood_chest_boat": {
    "criteria": {
      "has_boat": "2024-07-20 21:10:19 +0000"
    },
    "done": true
  },
  "minecraft:recipes/decorations/brown_bed": {
    "criteria": {
      "has_brown_wool": "2024-07-20 21:29:23 +0000"
    },
    "done": true
  },
  "minecraft:recipes/food/cooked_mutton_from_smoking": {
    "criteria": {
      "has_mutton": "2024-07-20 21:18:13 +0000"
    },
    "done": true
  },
  "pfm:recipes/furniture/jungle_kitchen_counter_oven": {
    "criteria": {
      "has_planks": "2024-07-20 21:09:59 +0000"
    },
    "done": true
  },
  "minecraft:recipes/decorations/oak_sign": {
    "criteria": {
      "has_planks": "2024-07-20 21:12:02 +0000"
    },
    "done": true
  },
  "cfm:recipes/decorations/jungle_kitchen_sink_dark": {
    "criteria": {
      "has_bottom": "2024-07-20 21:09:59 +0000"
    },
    "done": true
  },
  "minecraft:recipes/misc/brown_dye": {
    "criteria": {
      "has_cocoa_beans": "2024-07-20 21:14:15 +0000"
    },
    "done": true
  },
  "pfm:recipes/furniture/orange_arm_chair": {
    "criteria": {
      "has_wool": "2024-07-20 21:11:55 +0000"
    },
    "done": true
  },
  "pfm:recipes/furniture/cherry_mysticsbiomes_white_simple_bed": {
    "criteria": {
      "has_bed": "2024-07-20 21:23:36 +0000"
    },
    "done": true
  },
  "pfm:recipes/furniture/pink_bioshroom_regions_unexplored_white_simple_bed": {
    "criteria": {
      "has_bed": "2024-07-20 21:23:36 +0000"
    },
    "done": true
  },
  "minecraft:story/mine_stone": {
    "criteria": {
      "get_stone": "2024-07-20 21:21:44 +0000"
    },
    "done": true
  },
  "minecraft:recipes/decorations/furnace": {
    "criteria": {
      "has_cobblestone": "2024-07-20 21:21:44 +0000"
    },
    "done": true
  },
  "pfm:recipes/furniture/oak_table_basic": {
    "criteria": {
      "has_planks": "2024-07-20 21:12:02 +0000"
    },
    "done": true
  },
  "pfm:recipes/furniture/jungle_kitchen_cabinet": {
    "criteria": {
      "has_planks": "2024-07-20 21:09:59 +0000"
    },
    "done": true
  },
  "pfm:recipes/furniture/kapok_regions_unexplored_chair_modern": {
    "criteria": {
      "has_planks": "2024-07-20 21:29:02 +0000"
    },
    "done": true
  },
  "pfm:recipes/furniture/oak_chair_modern": {
    "criteria": {
      "has_planks": "2024-07-20 21:12:02 +0000"
    },
    "done": true
  },
  "cfm:recipes/decorations/diving_board": {
    "criteria": {
      "has_wheat": "2024-07-20 21:25:29 +0000"
    },
    "done": true
  },
  "pfm:recipes/furniture/red_simple_sofa": {
    "criteria": {
      "has_wool": "2024-07-20 21:11:55 +0000"
    },
    "done": true
  },
  "pfm:recipes/furniture/dead_regions_unexplored_white_classic_bed": {
    "criteria": {
      "has_bed": "2024-07-20 21:23:36 +0000"
    },
    "done": true
  },
  "pfm:recipes/furniture/kapok_regions_unexplored_table_basic": {
    "criteria": {
      "has_planks": "2024-07-20 21:29:02 +0000"
    },
    "done": true
  },
  "pfm:recipes/furniture/baobab_regions_unexplored_white_simple_bed": {
    "criteria": {
      "has_bed": "2024-07-20 21:23:36 +0000"
    },
    "done": true
  },
  "pfm:recipes/furniture/palm_regions_unexplored_table_basic": {
    "criteria": {
      "has_planks": "2024-07-20 21:28:41 +0000"
    },
    "done": true
  },
  "minecraft:recipes/transportation/jungle_chest_boat": {
    "criteria": {
      "has_boat": "2024-07-20 21:10:19 +0000"
    },
    "done": true
  },
  "pfm:recipes/furniture/larch_regions_unexplored_white_classic_bed": {
    "criteria": {
      "has_bed": "2024-07-20 21:23:36 +0000"
    },
    "done": true
  },
  "minecraft:recipes/food/cooked_mutton_from_grill_cooking": {
    "criteria": {
      "has_mutton": "2024-07-20 21:18:13 +0000"
    },
    "done": true
  },
  "minecraft:recipes/building_blocks/cobblestone_slab_from_cobblestone_stonecutting": {
    "criteria": {
      "has_cobblestone": "2024-07-20 21:21:44 +0000"
    },
    "done": true
  },
  "minecraft:adventure/kill_all_mobs": {
    "criteria": {
      "minecraft:spider": "2024-07-20 21:29:55 +0000",
      "minecraft:zombie": "2024-07-20 21:26:15 +0000"
    },
    "done": false
  },
  "cfm:recipes/decorations/oak_crate": {
    "criteria": {
      "has_log": "2024-07-20 21:11:55 +0000"
    },
    "done": true
  },
  "cfm:recipes/decorations/oak_kitchen_sink_dark": {
    "criteria": {
      "has_bottom": "2024-07-20 21:12:02 +0000"
    },
    "done": true
  },
  "pfm:recipes/furniture/kapok_regions_unexplored_table_log": {
    "criteria": {
      "has_log": "2024-07-20 21:29:02 +0000"
    },
    "done": true
  },
  "pfm:recipes/furniture/palm_regions_unexplored_kitchen_wall_drawer": {
    "criteria": {
      "has_planks": "2024-07-20 21:28:41 +0000"
    },
    "done": true
  },
  "pfm:recipes/furniture/jacaranda_mysticsbiomes_white_simple_bed": {
    "criteria": {
      "has_bed": "2024-07-20 21:23:36 +0000"
    },
    "done": true
  },
  "pfm:recipes/furniture/jungle_white_classic_bed": {
    "criteria": {
      "has_bed": "2024-07-20 21:23:36 +0000"
    },
    "done": true
  },
  "pfm:recipes/furniture/brown_arm_chair": {
    "criteria": {
      "has_wool": "2024-07-20 21:11:55 +0000"
    },
    "done": true
  },
  "minecraft:recipes/building_blocks/stone": {
    "criteria": {
      "has_cobblestone": "2024-07-20 21:21:44 +0000"
    },
    "done": true
  },
  "pfm:recipes/furniture/oak_table_classic": {
    "criteria": {
      "has_planks": "2024-07-20 21:12:02 +0000"
    },
    "done": true
  },
  "pfm:recipes/furniture/purple_simple_sofa": {
    "criteria": {
      "has_wool": "2024-07-20 21:11:55 +0000"
    },
    "done": true
  },
  "minecraft:recipes/transportation/bamboo_raft": {
    "criteria": {
      "in_water": "2024-07-20 21:09:10 +0000"
    },
    "done": true
  },
  "cfm:recipes/decorations/jungle_upgraded_gate": {
    "criteria": {
      "has_log": "2024-07-20 21:09:50 +0000"
    },
    "done": true
  },
  "minecraft:recipes/food/cookie": {
    "criteria": {
      "has_cocoa": "2024-07-20 21:14:15 +0000"
    },
    "done": true
  },
  "pfm:recipes/furniture/jungle_chair_dinner": {
    "criteria": {
      "has_planks": "2024-07-20 21:09:59 +0000"
    },
    "done": true
  },
  "pfm:recipes/furniture/oak_chair": {
    "criteria": {
      "has_planks": "2024-07-20 21:12:02 +0000"
    },
    "done": true
  },
  "minecraft:recipes/food/bread": {
    "criteria": {
      "has_wheat": "2024-07-20 21:25:29 +0000"
    },
    "done": true
  },
  "pfm:recipes/furniture/spruce_white_classic_bed": {
    "criteria": {
      "has_bed": "2024-07-20 21:23:36 +0000"
    },
    "done": true
  },
  "pfm:recipes/furniture/joshua_regions_unexplored_white_simple_bed": {
    "criteria": {
      "has_bed": "2024-07-20 21:23:36 +0000"
    },
    "done": true
  },
  "regions_unexplored:recipes/building_blocks/black_painted_planks": {
    "criteria": {
      "has_planks": "2024-07-20 21:09:59 +0000"
    },
    "done": true
  },
  "minecraft:recipes/building_blocks/hay_block": {
    "criteria": {
      "has_wheat": "2024-07-20 21:25:29 +0000"
    },
    "done": true
  },
  "pfm:recipes/furniture/kapok_regions_unexplored_kitchen_counter": {
    "criteria": {
      "has_planks": "2024-07-20 21:29:02 +0000"
    },
    "done": true
  },
  "pfm:recipes/furniture/red_arm_chair": {
    "criteria": {
      "has_wool": "2024-07-20 21:11:55 +0000"
    },
    "done": true
  },
  "pfm:recipes/furniture/kapok_regions_unexplored_simple_bunk_ladder": {
    "criteria": {
      "has_planks": "2024-07-20 21:29:02 +0000"
    },
    "done": true
  },
  "regions_unexplored:recipes/transportation/kapok_boat": {
    "criteria": {
      "in_water": "2024-07-20 21:09:10 +0000"
    },
    "done": true
  },
  "pfm:recipes/furniture/arm_chair_leather": {
    "criteria": {
      "has_wool": "2024-07-20 21:11:55 +0000"
    },
    "done": true
  },
  "regions_unexplored:recipes/transportation/cypress_boat": {
    "criteria": {
      "in_water": "2024-07-20 21:09:10 +0000"
    },
    "done": true
  },
  "pfm:recipes/furniture/oak_classic_stool": {
    "criteria": {
      "has_planks": "2024-07-20 21:12:02 +0000"
    },
    "done": true
  },
  "pfm:recipes/furniture/kapok_regions_unexplored_table_dinner": {
    "criteria": {
      "has_planks": "2024-07-20 21:29:02 +0000"
    },
    "done": true
  },
  "pfm:recipes/furniture/dark_oak_white_classic_bed": {
    "criteria": {
      "has_bed": "2024-07-20 21:23:36 +0000"
    },
    "done": true
  },
  "pfm:recipes/furniture/palm_regions_unexplored_kitchen_drawer": {
    "criteria": {
      "has_planks": "2024-07-20 21:28:41 +0000"
    },
    "done": true
  },
  "mysticsbiomes:recipes/food/chocolate_cake": {
    "criteria": {
      "has_cocoa": "2024-07-20 21:14:15 +0000"
    },
    "done": true
  },
  "mysticsbiomes:recipes/transportation/strawberry_boat": {
    "criteria": {
      "in_water": "2024-07-20 21:09:10 +0000"
    },
    "done": true
  },
  "minecraft:recipes/transportation/bamboo_chest_raft": {
    "criteria": {
      "has_boat": "2024-07-20 21:10:19 +0000"
    },
    "done": true
  },
  "pfm:recipes/furniture/oak_kitchen_drawer": {
    "criteria": {
      "has_planks": "2024-07-20 21:12:02 +0000"
    },
    "done": true
  },
  "regions_unexplored:recipes/decorations/kapok_fence": {
    "criteria": {
      "has_kapok_planks": "2024-07-20 21:29:02 +0000"
    },
    "done": true
  },
  "minecraft:recipes/tools/stone_pickaxe": {
    "criteria": {
      "has_cobblestone": "2024-07-20 21:21:44 +0000"
    },
    "done": true
  },
  "regions_unexplored:recipes/redstone/palm_door": {
    "criteria": {
      "has_palm_planks": "2024-07-20 21:28:41 +0000"
    },
    "done": true
  },
  "pfm:recipes/furniture/kapok_regions_unexplored_chair": {
    "criteria": {
      "has_planks": "2024-07-20 21:29:02 +0000"
    },
    "done": true
  },
  "regions_unexplored:recipes/redstone/kapok_pressure_plate": {
    "criteria": {
      "has_kapok_planks": "2024-07-20 21:29:02 +0000"
    },
    "done": true
  },
  "regions_unexplored:recipes/transportation/larch_boat": {
    "criteria": {
      "in_water": "2024-07-20 21:09:10 +0000"
    },
    "done": true
  },
  "pfm:recipes/furniture/brown_simple_sofa": {
    "criteria": {
      "has_wool": "2024-07-20 21:11:55 +0000"
    },
    "done": true
  },
  "pfm:recipes/furniture/oak_kitchen_wall_counter": {
    "criteria": {
      "has_planks": "2024-07-20 21:12:02 +0000"
    },
    "done": true
  },
  "pfm:recipes/furniture/kapok_regions_unexplored_classic_stool": {
    "criteria": {
      "has_planks": "2024-07-20 21:29:02 +0000"
    },
    "done": true
  },
  "minecraft:recipes/tools/wooden_hoe": {
    "criteria": {
      "has_stick": "2024-07-20 21:12:28 +0000"
    },
    "done": true
  },
  "travelersbackpack:recipes/misc/sheep": {
    "criteria": {
      "has_white_wool": "2024-07-20 21:18:13 +0000"
    },
    "done": true
  },
  "minecraft:recipes/redstone/oak_fence_gate": {
    "criteria": {
      "has_planks": "2024-07-20 21:12:02 +0000"
    },
    "done": true
  },
  "cfm:recipes/decorations/jungle_kitchen_drawer": {
    "criteria": {
      "has_log": "2024-07-20 21:09:50 +0000"
    },
    "done": true
  },
  "pfm:recipes/furniture/white_shower_towel": {
    "criteria": {
      "has_white_wool": "2024-07-20 21:18:13 +0000"
    },
    "done": true
  },
  "minecraft:recipes/misc/charcoal": {
    "criteria": {
      "has_log": "2024-07-20 21:09:33 +0000"
    },
    "done": true
  },
  "cfm:recipes/decorations/oak_upgraded_gate": {
    "criteria": {
      "has_log": "2024-07-20 21:11:55 +0000"
    },
    "done": true
  },
  "regions_unexplored:recipes/transportation/willow_chest_boat": {
    "criteria": {
      "has_boat": "2024-07-20 21:10:19 +0000"
    },
    "done": true
  },
  "pfm:recipes/furniture/cypress_regions_unexplored_white_classic_bed": {
    "criteria": {
      "has_bed": "2024-07-20 21:23:36 +0000"
    },
    "done": true
  },
  "cfm:recipes/decorations/oak_desk": {
    "criteria": {
      "has_log": "2024-07-20 21:11:55 +0000"
    },
    "done": true
  },
  "pfm:recipes/furniture/cyan_arm_chair": {
    "criteria": {
      "has_wool": "2024-07-20 21:11:55 +0000"
    },
    "done": true
  },
  "regions_unexplored:recipes/decorations/oak_branch_from_oak_log": {
    "criteria": {
      "has_log": "2024-07-20 21:11:55 +0000"
    },
    "done": true
  },
  "pfm:recipes/furniture/jungle_log_stool": {
    "criteria": {
      "has_log": "2024-07-20 21:09:50 +0000"
    },
    "done": true
  },
  "pfm:recipes/furniture/dreadwood_iceandfire_white_simple_bed": {
    "criteria": {
      "has_bed": "2024-07-20 21:23:36 +0000"
    },
    "done": true
  },
  "cfm:recipes/decorations/brown_sofa": {
    "criteria": {
      "has_wool": "2024-07-20 21:29:23 +0000"
    },
    "done": true
  },
  "minecraft:story/form_obsidian": {
    "criteria": {
      "obsidian": "2024-07-20 21:11:12 +0000"
    },
    "done": true
  },
  "regions_unexplored:recipes/building_blocks/blue_painted_planks": {
    "criteria": {
      "has_planks": "2024-07-20 21:09:59 +0000"
    },
    "done": true
  },
  "cfm:recipes/decorations/stripped_jungle_bedside_cabinet": {
    "criteria": {
      "has_planks": "2024-07-20 21:09:50 +0000"
    },
    "done": true
  },
  "minecraft:recipes/redstone/jungle_door": {
    "criteria": {
      "has_planks": "2024-07-20 21:09:59 +0000"
    },
    "done": true
  },
  "pfm:recipes/furniture/kapok_regions_unexplored_white_classic_bed": {
    "criteria": {
      "has_bed": "2024-07-20 21:23:36 +0000"
    },
    "done": true
  },
  "travelersbackpack:recipes/decorations/brown_sleeping_bag": {
    "criteria": {
      "has_brown_wool": "2024-07-20 21:29:23 +0000"
    },
    "done": true
  },
  "cfm:recipes/decorations/brown_trampoline": {
    "criteria": {
      "has_wool": "2024-07-20 21:29:23 +0000"
    },
    "done": true
  },
  "minecraft:recipes/tools/wooden_shovel": {
    "criteria": {
      "has_stick": "2024-07-20 21:12:28 +0000"
    },
    "done": true
  },
  "regions_unexplored:recipes/redstone/palm_button": {
    "criteria": {
      "has_palm_planks": "2024-07-20 21:28:41 +0000"
    },
    "done": true
  },
  "pfm:recipes/furniture/kapok_regions_unexplored_table_modern_dinner": {
    "criteria": {
      "has_planks": "2024-07-20 21:29:02 +0000"
    },
    "done": true
  },
  "minecraft:adventure/root": {
    "criteria": {
      "killed_by_something": "2024-07-20 21:17:17 +0000"
    },
    "done": true
  },
  "pfm:recipes/furniture/oak_table_dinner": {
    "criteria": {
      "has_planks": "2024-07-20 21:12:02 +0000"
    },
    "done": true
  },
  "mcwfurnitures:recipes/oak": {
    "criteria": {
      "has_wood": "2024-07-20 21:11:55 +0000"
    },
    "done": true
  },
  "cfm:recipes/decorations/stripped_jungle_chair": {
    "criteria": {
      "has_planks": "2024-07-20 21:09:50 +0000"
    },
    "done": true
  },
  "pfm:recipes/furniture/cypress_regions_unexplored_white_simple_bed": {
    "criteria": {
      "has_bed": "2024-07-20 21:23:36 +0000"
    },
    "done": true
  },
  "minecraft:recipes/combat/crossbow": {
    "criteria": {
      "has_string": "2024-07-20 21:29:56 +0000"
    },
    "done": true
  },
  "pfm:recipes/furniture/oak_chair_classic": {
    "criteria": {
      "has_planks": "2024-07-20 21:12:02 +0000"
    },
    "done": true
  },
  "regions_unexplored:recipes/transportation/kapok_chest_boat": {
    "criteria": {
      "has_boat": "2024-07-20 21:10:19 +0000"
    },
    "done": true
  },
  "minecraft:recipes/decorations/barrel": {
    "criteria": {
      "has_planks": "2024-07-20 21:09:59 +0000"
    },
    "done": true
  },
  "mysticsbiomes:recipes/transportation/strawberry_chest_boat": {
    "criteria": {
      "has_boat": "2024-07-20 21:10:19 +0000"
    },
    "done": true
  },
  "pfm:recipes/furniture/kapok_regions_unexplored_log_stool": {
    "criteria": {
      "has_log": "2024-07-20 21:28:49 +0000"
    },
    "done": true
  },
  "minecraft:recipes/decorations/white_bed": {
    "criteria": {
      "has_white_wool": "2024-07-20 21:18:13 +0000"
    },
    "done": true
  },
  "regions_unexplored:recipes/building_blocks/palm_slab": {
    "criteria": {
      "has_palm_planks": "2024-07-20 21:28:41 +0000"
    },
    "done": true
  },
  "croptopia:recipes/flour": {
    "criteria": {
      "has_grain": "2024-07-20 21:25:29 +0000"
    },
    "done": true
  },
  "pfm:recipes/furniture/cherry_white_classic_bed": {
    "criteria": {
      "has_bed": "2024-07-20 21:23:36 +0000"
    },
    "done": true
  },
  "pfm:recipes/furniture/palm_regions_unexplored_kitchen_counter": {
    "criteria": {
      "has_planks": "2024-07-20 21:28:41 +0000"
    },
    "done": true
  },
  "pfm:recipes/furniture/redwood_regions_unexplored_white_simple_bed": {
    "criteria": {
      "has_bed": "2024-07-20 21:23:36 +0000"
    },
    "done": true
  },
  "minecraft:recipes/tools/stone_shovel": {
    "criteria": {
      "has_cobblestone": "2024-07-20 21:21:44 +0000"
    },
    "done": true
  },
  "minecraft:recipes/building_blocks/oak_wood": {
    "criteria": {
      "has_log": "2024-07-20 21:11:55 +0000"
    },
    "done": true
  },
  "minecraft:recipes/building_blocks/jungle_slab": {
    "criteria": {
      "has_planks": "2024-07-20 21:09:59 +0000"
    },
    "done": true
  },
  "croptopia:recipes/food/toast_from_bread": {
    "criteria": {
      "has_bread": "2024-07-20 21:26:02 +0000"
    },
    "done": true
  },
  "pfm:recipes/furniture/palm_regions_unexplored_simple_bunk_ladder": {
    "criteria": {
      "has_planks": "2024-07-20 21:28:41 +0000"
    },
    "done": true
  },
  "pfm:recipes/furniture/cyan_simple_sofa": {
    "criteria": {
      "has_wool": "2024-07-20 21:11:55 +0000"
    },
    "done": true
  },
  "regions_unexplored:parent": {
    "criteria": {
      "load_in_world": "2024-07-20 20:59:01 +0000"
    },
    "done": true
  },
  "regions_unexplored:recipes/redstone/kapok_trapdoor": {
    "criteria": {
      "has_kapok_planks": "2024-07-20 21:29:02 +0000"
    },
    "done": true
  },
  "regions_unexplored:recipes/building_blocks/gray_painted_planks": {
    "criteria": {
      "has_planks": "2024-07-20 21:09:59 +0000"
    },
    "done": true
  },
  "croptopia:recipes/misc/melon_juice": {
    "criteria": {
      "has_melon": "2024-07-20 21:29:38 +0000"
    },
    "done": true
  },
  "mysticsbiomes:recipes/transportation/maple_boat": {
    "criteria": {
      "in_water": "2024-07-20 21:09:10 +0000"
    },
    "done": true
  },
  "cfm:recipes/decorations/door_mat": {
    "criteria": {
      "has_wheat": "2024-07-20 21:25:29 +0000"
    },
    "done": true
  },
  "regions_unexplored:recipes/transportation/blackwood_boat": {
    "criteria": {
      "in_water": "2024-07-20 21:09:10 +0000"
    },
    "done": true
  },
  "cfm:recipes/decorations/stripped_oak_crate": {
    "criteria": {
      "has_planks": "2024-07-20 21:11:55 +0000"
    },
    "done": true
  },
  "minecraft:recipes/misc/melon_seeds": {
    "criteria": {
      "has_melon": "2024-07-20 21:29:38 +0000"
    },
    "done": true
  },
  "pfm:recipes/furniture/yellow_arm_chair": {
    "criteria": {
      "has_wool": "2024-07-20 21:11:55 +0000"
    },
    "done": true
  },
  "pfm:recipes/furniture/oak_table_modern_dinner": {
    "criteria": {
      "has_planks": "2024-07-20 21:12:02 +0000"
    },
    "done": true
  },
  "regions_unexplored:recipes/transportation/socotra_chest_boat": {
    "criteria": {
      "has_boat": "2024-07-20 21:10:19 +0000"
    },
    "done": true
  },
  "minecraft:recipes/decorations/gray_bed": {
    "criteria": {
      "has_gray_wool": "2024-07-20 21:20:36 +0000"
    },
    "done": true
  },
  "croptopia:recipes/chocolate": {
    "criteria": {
      "has_cocoa_beans": "2024-07-20 21:14:15 +0000"
    },
    "done": true
  },
  "pfm:recipes/furniture/kapok_regions_unexplored_chair_classic": {
    "criteria": {
      "has_planks": "2024-07-20 21:29:02 +0000"
    },
    "done": true
  },
  "iceandfire:recipes/misc/dragon_meal": {
    "criteria": {
      "has_item": "2024-07-20 21:18:13 +0000"
    },
    "done": true
  },
  "pfm:recipes/furniture/blackwood_regions_unexplored_white_classic_bed": {
    "criteria": {
      "has_bed": "2024-07-20 21:23:36 +0000"
    },
    "done": true
  },
  "cfm:recipes/decorations/stripped_jungle_kitchen_drawer": {
    "criteria": {
      "has_log": "2024-07-20 21:09:50 +0000"
    },
    "done": true
  },
  "pfm:recipes/furniture/oak_chair_dinner": {
    "criteria": {
      "has_planks": "2024-07-20 21:12:02 +0000"
    },
    "done": true
  },
  "cfm:recipes/decorations/stripped_jungle_coffee_table": {
    "criteria": {
      "has_planks": "2024-07-20 21:09:50 +0000"
    },
    "done": true
  },
  "pfm:recipes/furniture/pink_bioshroom_regions_unexplored_white_classic_bed": {
    "criteria": {
      "has_bed": "2024-07-20 21:23:36 +0000"
    },
    "done": true
  },
  "pfm:recipes/furniture/jungle_kitchen_sink": {
    "criteria": {
      "has_planks": "2024-07-20 21:09:59 +0000"
    },
    "done": true
  },
  "regions_unexplored:recipes/transportation/palm_chest_boat": {
    "criteria": {
      "has_boat": "2024-07-20 21:10:19 +0000"
    },
    "done": true
  },
  "cfm:recipes/decorations/jungle_coffee_table": {
    "criteria": {
      "has_log": "2024-07-20 21:09:50 +0000"
    },
    "done": true
  },
  "regions_unexplored:recipes/transportation/eucalyptus_boat": {
    "criteria": {
      "in_water": "2024-07-20 21:09:10 +0000"
    },
    "done": true
  },
  "minecraft:recipes/decorations/brown_carpet": {
    "criteria": {
      "has_brown_wool": "2024-07-20 21:29:23 +0000"
    },
    "done": true
  },
  "pfm:recipes/furniture/palm_regions_unexplored_chair": {
    "criteria": {
      "has_planks": "2024-07-20 21:28:41 +0000"
    },
    "done": true
  },
  "pfm:recipes/furniture/green_arm_chair": {
    "criteria": {
      "has_wool": "2024-07-20 21:11:55 +0000"
    },
    "done": true
  },
  "pfm:recipes/furniture/oak_kitchen_counter": {
    "criteria": {
      "has_planks": "2024-07-20 21:12:02 +0000"
    },
    "done": true
  },
  "cfm:recipes/decorations/oak_bedside_cabinet": {
    "criteria": {
      "has_log": "2024-07-20 21:11:55 +0000"
    },
    "done": true
  },
  "farmersdelight:recipes/combat/flint_knife": {
    "criteria": {
      "has_stick": "2024-07-20 21:12:28 +0000"
    },
    "done": true
  },
  "cfm:recipes/decorations/stripped_oak_bedside_cabinet": {
    "criteria": {
      "has_planks": "2024-07-20 21:11:55 +0000"
    },
    "done": true
  },
  "pfm:recipes/furniture/palm_regions_unexplored_white_simple_bed": {
    "criteria": {
      "has_bed": "2024-07-20 21:23:36 +0000"
    },
    "done": true
  },
  "pfm:recipes/furniture/kapok_regions_unexplored_modern_stool": {
    "criteria": {
      "has_planks": "2024-07-20 21:29:02 +0000"
    },
    "done": true
  },
  "minecraft:recipes/decorations/painting": {
    "criteria": {
      "has_wool": "2024-07-20 21:18:13 +0000"
    },
    "done": true
  },
  "pfm:recipes/furniture/palm_regions_unexplored_table_dinner": {
    "criteria": {
      "has_planks": "2024-07-20 21:28:41 +0000"
    },
    "done": true
  },
  "regions_unexplored:recipes/building_blocks/white_painted_planks": {
    "criteria": {
      "has_planks": "2024-07-20 21:09:59 +0000"
    },
    "done": true
  },
  "minecraft:recipes/tools/fishing_rod": {
    "criteria": {
      "has_string": "2024-07-20 21:29:56 +0000"
    },
    "done": true
  },
  "pfm:recipes/furniture/jungle_chair_modern": {
    "criteria": {
      "has_planks": "2024-07-20 21:09:59 +0000"
    },
    "done": true
  },
  "regions_unexplored:recipes/decorations/kapok_sign": {
    "criteria": {
      "has_kapok_planks": "2024-07-20 21:29:02 +0000"
    },
    "done": true
  },
  "pfm:recipes/furniture/birch_white_simple_bed": {
    "criteria": {
      "has_bed": "2024-07-20 21:23:36 +0000"
    },
    "done": true
  },
  "regions_unexplored:recipes/transportation/palm_boat": {
    "criteria": {
      "in_water": "2024-07-20 21:09:10 +0000"
    },
    "done": true
  },
  "pfm:recipes/furniture/palm_regions_unexplored_raw_table_log": {
    "criteria": {
      "has_log": "2024-07-20 21:28:40 +0000"
    },
    "done": true
  },
  "mysticsbiomes:recipes/transportation/sea_foam_boat": {
    "criteria": {
      "in_water": "2024-07-20 21:09:10 +0000"
    },
    "done": true
  },
  "minecraft:recipes/transportation/acacia_chest_boat": {
    "criteria": {
      "has_boat": "2024-07-20 21:10:19 +0000"
    },
    "done": true
  },
  "minecraft:recipes/building_blocks/oak_stairs": {
    "criteria": {
      "has_planks": "2024-07-20 21:12:02 +0000"
    },
    "done": true
  },
  "farmersdelight:recipes/food/wheat_dough_from_water": {
    "criteria": {
      "has_wheat": "2024-07-20 21:25:29 +0000"
    },
    "done": true
  },
  "cfm:recipes/decorations/stripped_jungle_desk_cabinet": {
    "criteria": {
      "has_planks": "2024-07-20 21:09:50 +0000"
    },
    "done": true
  },
  "pfm:recipes/furniture/pewen_alexscaves_white_simple_bed": {
    "criteria": {
      "has_bed": "2024-07-20 21:23:36 +0000"
    },
    "done": true
  },
  "minecraft:recipes/decorations/oak_fence": {
    "criteria": {
      "has_planks": "2024-07-20 21:12:02 +0000"
    },
    "done": true
  },
  "regions_unexplored:recipes/building_blocks/light_blue_painted_planks": {
    "criteria": {
      "has_planks": "2024-07-20 21:09:59 +0000"
    },
    "done": true
  },
  "cfm:recipes/decorations/jungle_kitchen_sink_light": {
    "criteria": {
      "has_bottom": "2024-07-20 21:09:59 +0000"
    },
    "done": true
  },
  "travelersbackpack:recipes/misc/spider": {
    "criteria": {
      "has_string": "2024-07-20 21:29:56 +0000"
    },
    "done": true
  },
  "pfm:recipes/furniture/socotra_regions_unexplored_white_classic_bed": {
    "criteria": {
      "has_bed": "2024-07-20 21:23:36 +0000"
    },
    "done": true
  },
  "pfm:recipes/furniture/tropical_mysticsbiomes_white_classic_bed": {
    "criteria": {
      "has_bed": "2024-07-20 21:23:36 +0000"
    },
    "done": true
  },
  "pfm:recipes/furniture/tropical_mysticsbiomes_white_simple_bed": {
    "criteria": {
      "has_bed": "2024-07-20 21:23:36 +0000"
    },
    "done": true
  },
  "pfm:recipes/furniture/jungle_simple_stool": {
    "criteria": {
      "has_planks": "2024-07-20 21:09:59 +0000"
    },
    "done": true
  },
  "travelersbackpack:recipes/decorations/white_sleeping_bag": {
    "criteria": {
      "has_white_wool": "2024-07-20 21:18:13 +0000"
    },
    "done": true
  },
  "cfm:recipes/decorations/stripped_jungle_kitchen_counter": {
    "criteria": {
      "has_log": "2024-07-20 21:09:50 +0000"
    },
    "done": true
  },
  "pfm:recipes/furniture/dreadwood_iceandfire_white_classic_bed": {
    "criteria": {
      "has_bed": "2024-07-20 21:23:36 +0000"
    },
    "done": true
  },
  "alexscaves:alexscaves/cave_tablet": {
    "criteria": {
      "cave_tablet": "2024-07-20 21:25:32 +0000"
    },
    "done": true
  },
  "regions_unexplored:recipes/transportation/oak_boat": {
    "criteria": {
      "in_water": "2024-07-20 21:09:10 +0000"
    },
    "done": true
  },
  "minecraft:recipes/redstone/jungle_button": {
    "criteria": {
      "has_planks": "2024-07-20 21:09:59 +0000"
    },
    "done": true
  },
  "pfm:recipes/furniture/crimson_white_simple_bed": {
    "criteria": {
      "has_bed": "2024-07-20 21:23:36 +0000"
    },
    "done": true
  },
  "minecraft:husbandry/root": {
    "criteria": {
      "consumed_item": "2024-07-20 21:24:47 +0000"
    },
    "done": true
  },
  "minecraft:recipes/transportation/birch_boat": {
    "criteria": {
      "in_water": "2024-07-20 21:09:10 +0000"
    },
    "done": true
  },
  "pfm:recipes/furniture/magnolia_regions_unexplored_white_simple_bed": {
    "criteria": {
      "has_bed": "2024-07-20 21:23:36 +0000"
    },
    "done": true
  },
  "pfm:recipes/furniture/kapok_regions_unexplored_kitchen_drawer": {
    "criteria": {
      "has_planks": "2024-07-20 21:29:02 +0000"
    },
    "done": true
  },
  "pfm:recipes/furniture/brimwood_regions_unexplored_white_classic_bed": {
    "criteria": {
      "has_bed": "2024-07-20 21:23:36 +0000"
    },
    "done": true
  },
  "cfm:recipes/decorations/stripped_oak_park_bench": {
    "criteria": {
      "has_log": "2024-07-20 21:11:55 +0000"
    },
    "done": true
  },
  "minecraft:recipes/decorations/white_carpet": {
    "criteria": {
      "has_white_wool": "2024-07-20 21:18:13 +0000"
    },
    "done": true
  },
  "minecraft:recipes/transportation/cherry_chest_boat": {
    "criteria": {
      "has_boat": "2024-07-20 21:10:19 +0000"
    },
    "done": true
  },
  "pfm:recipes/furniture/palm_regions_unexplored_modern_stool": {
    "criteria": {
      "has_planks": "2024-07-20 21:28:41 +0000"
    },
    "done": true
  },
  "minecraft:recipes/transportation/birch_chest_boat": {
    "criteria": {
      "has_boat": "2024-07-20 21:10:19 +0000"
    },
    "done": true
  },
  "minecraft:recipes/transportation/oak_boat": {
    "criteria": {
      "in_water": "2024-07-20 21:09:10 +0000"
    },
    "done": true
  },
  "minecraft:recipes/building_blocks/coal_block": {
    "criteria": {
      "has_coal": "2024-07-20 21:25:32 +0000"
    },
    "done": true
  },
  "regions_unexplored:recipes/redstone/kapok_button": {
    "criteria": {
      "has_kapok_planks": "2024-07-20 21:29:02 +0000"
    },
    "done": true
  },
  "regions_unexplored:recipes/building_blocks/kapok_wood": {
    "criteria": {
      "has_log": "2024-07-20 21:28:49 +0000"
    },
    "done": true
  },
  "regions_unexplored:recipes/transportation/joshua_chest_boat": {
    "criteria": {
      "has_boat": "2024-07-20 21:10:19 +0000"
    },
    "done": true
  },
  "minecraft:recipes/redstone/oak_button": {
    "criteria": {
      "has_planks": "2024-07-20 21:12:02 +0000"
    },
    "done": true
  },
  "pfm:recipes/furniture/blue_bioshroom_regions_unexplored_white_classic_bed": {
    "criteria": {
      "has_bed": "2024-07-20 21:23:36 +0000"
    },
    "done": true
  },
  "cfm:recipes/decorations/stripped_oak_coffee_table": {
    "criteria": {
      "has_planks": "2024-07-20 21:11:55 +0000"
    },
    "done": true
  },
  "cfm:recipes/decorations/jungle_park_bench": {
    "criteria": {
      "has_log": "2024-07-20 21:09:50 +0000"
    },
    "done": true
  },
  "minecraft:recipes/redstone/jungle_fence_gate": {
    "criteria": {
      "has_planks": "2024-07-20 21:09:59 +0000"
    },
    "done": true
  },
  "cfm:recipes/decorations/jungle_table": {
    "criteria": {
      "has_log": "2024-07-20 21:09:50 +0000"
    },
    "done": true
  },
  "pfm:recipes/furniture/cherry_mysticsbiomes_white_classic_bed": {
    "criteria": {
      "has_bed": "2024-07-20 21:23:36 +0000"
    },
    "done": true
  },
  "cfm:recipes/decorations/stripped_jungle_desk": {
    "criteria": {
      "has_planks": "2024-07-20 21:09:50 +0000"
    },
    "done": true
  },
  "regions_unexplored:recipes/building_blocks/pink_painted_planks": {
    "criteria": {
      "has_planks": "2024-07-20 21:09:59 +0000"
    },
    "done": true
  },
  "cfm:recipes/decorations/white_trampoline": {
    "criteria": {
      "has_wool": "2024-07-20 21:18:13 +0000"
    },
    "done": true
  },
  "pfm:recipes/furniture/pewen_alexscaves_white_classic_bed": {
    "criteria": {
      "has_bed": "2024-07-20 21:23:36 +0000"
    },
    "done": true
  },
  "pfm:recipes/furniture/oak_chair_classic_gray": {
    "criteria": {
      "oak_chair_classic_gray": "2024-07-20 21:20:36 +0000"
    },
    "done": true
  },
  "regions_unexplored:recipes/transportation/cypress_chest_boat": {
    "criteria": {
      "has_boat": "2024-07-20 21:10:19 +0000"
    },
    "done": true
  },
  "pfm:recipes/furniture/pink_simple_sofa": {
    "criteria": {
      "has_wool": "2024-07-20 21:11:55 +0000"
    },
    "done": true
  },
  "mysticsbiomes:recipes/transportation/cherry_chest_boat": {
    "criteria": {
      "has_boat": "2024-07-20 21:10:19 +0000"
    },
    "done": true
  },
  "minecraft:recipes/building_blocks/jungle_planks": {
    "criteria": {
      "has_logs": "2024-07-20 21:09:50 +0000"
    },
    "done": true
  },
  "pfm:recipes/furniture/oak_kitchen_wall_small_drawer": {
    "criteria": {
      "has_planks": "2024-07-20 21:12:02 +0000"
    },
    "done": true
  },
  "mysticsbiomes:recipes/transportation/jacaranda_chest_boat": {
    "criteria": {
      "has_boat": "2024-07-20 21:10:19 +0000"
    },
    "done": true
  },
  "regions_unexplored:recipes/transportation/mauve_boat": {
    "criteria": {
      "in_water": "2024-07-20 21:09:10 +0000"
    },
    "done": true
  },
  "pfm:recipes/furniture/peach_mysticsbiomes_white_simple_bed": {
    "criteria": {
      "has_bed": "2024-07-20 21:23:36 +0000"
    },
    "done": true
  },
  "regions_unexplored:recipes/decorations/palm_sign": {
    "criteria": {
      "has_palm_planks": "2024-07-20 21:28:41 +0000"
    },
    "done": true
  },
  "pfm:recipes/furniture/black_simple_sofa": {
    "criteria": {
      "has_wool": "2024-07-20 21:11:55 +0000"
    },
    "done": true
  },
  "regions_unexplored:recipes/transportation/redwood_boat": {
    "criteria": {
      "in_water": "2024-07-20 21:09:10 +0000"
    },
    "done": true
  },
  "pfm:recipes/furniture/maple_regions_unexplored_white_simple_bed": {
    "criteria": {
      "has_bed": "2024-07-20 21:23:36 +0000"
    },
    "done": true
  },
  "minecraft:recipes/food/cooked_mutton": {
    "criteria": {
      "has_mutton": "2024-07-20 21:18:13 +0000"
    },
    "done": true
  },
  "minecraft:recipes/decorations/white_banner": {
    "criteria": {
      "has_white_wool": "2024-07-20 21:18:13 +0000"
    },
    "done": true
  },
  "pfm:recipes/furniture/thornwood_alexscaves_white_classic_bed": {
    "criteria": {
      "has_bed": "2024-07-20 21:23:36 +0000"
    },
    "done": true
  },
  "pfm:recipes/furniture/oak_kitchen_counter_oven": {
    "criteria": {
      "has_planks": "2024-07-20 21:12:02 +0000"
    },
    "done": true
  },
  "farmersdelight:main/root": {
    "criteria": {
      "seeds": "2024-07-20 20:59:00 +0000"
    },
    "done": true
  },
  "regions_unexplored:recipes/building_blocks/magenta_painted_planks": {
    "criteria": {
      "has_planks": "2024-07-20 21:09:59 +0000"
    },
    "done": true
  },
  "croptopia:recipes/documentation": {
    "criteria": {
      "has_crop": "2024-07-20 21:25:29 +0000"
    },
    "done": true
  },
  "travelersbackpack:recipes/misc/melon": {
    "criteria": {
      "has_melon_slice": "2024-07-20 21:29:38 +0000"
    },
    "done": true
  },
  "pfm:recipes/furniture/oak_simple_bunk_ladder": {
    "criteria": {
      "has_planks": "2024-07-20 21:12:02 +0000"
    },
    "done": true
  },
  "pfm:recipes/furniture/kapok_regions_unexplored_kitchen_counter_oven": {
    "criteria": {
      "has_planks": "2024-07-20 21:29:02 +0000"
    },
    "done": true
  },
  "regions_unexplored:recipes/redstone/kapok_fence_gate": {
    "criteria": {
      "has_kapok_planks": "2024-07-20 21:29:02 +0000"
    },
    "done": true
  },
  "pfm:recipes/furniture/jungle_simple_bunk_ladder": {
    "criteria": {
      "has_planks": "2024-07-20 21:09:59 +0000"
    },
    "done": true
  },
  "pfm:recipes/furniture/blue_simple_sofa": {
    "criteria": {
      "has_wool": "2024-07-20 21:11:55 +0000"
    },
    "done": true
  },
  "pfm:recipes/furniture/blackwood_regions_unexplored_white_simple_bed": {
    "criteria": {
      "has_bed": "2024-07-20 21:23:36 +0000"
    },
    "done": true
  },
  "cfm:recipes/decorations/white_sofa": {
    "criteria": {
      "has_wool": "2024-07-20 21:18:13 +0000"
    },
    "done": true
  },
  "pfm:recipes/furniture/willow_regions_unexplored_white_simple_bed": {
    "criteria": {
      "has_bed": "2024-07-20 21:23:36 +0000"
    },
    "done": true
  },
  "pfm:recipes/furniture/light_blue_simple_sofa": {
    "criteria": {
      "has_wool": "2024-07-20 21:11:55 +0000"
    },
    "done": true
  },
  "minecraft:recipes/building_blocks/white_wool_from_string": {
    "criteria": {
      "has_string": "2024-07-20 21:29:56 +0000"
    },
    "done": true
  },
  "cfm:recipes/decorations/stripped_oak_chair": {
    "criteria": {
      "has_planks": "2024-07-20 21:11:55 +0000"
    },
    "done": true
  },
  "cfm:recipes/decorations/oak_kitchen_sink_light": {
    "criteria": {
      "has_bottom": "2024-07-20 21:12:02 +0000"
    },
    "done": true
  },
  "pfm:recipes/furniture/oak_log_stool": {
    "criteria": {
      "has_log": "2024-07-20 21:11:55 +0000"
    },
    "done": true
  },
  "minecraft:adventure/adventuring_time": {
    "criteria": {
      "minecraft:beach": "2024-07-20 21:10:57 +0000",
      "minecraft:sparse_jungle": "2024-07-20 21:09:28 +0000",
      "minecraft:lukewarm_ocean": "2024-07-20 21:10:29 +0000",
      "minecraft:river": "2024-07-20 21:09:11 +0000",
      "minecraft:desert": "2024-07-20 21:16:40 +0000",
      "minecraft:jungle": "2024-07-20 20:59:01 +0000",
      "minecraft:warm_ocean": "2024-07-20 21:23:03 +0000"
    },
    "done": false
  },
  "pfm:recipes/furniture/bamboo_white_classic_bed": {
    "criteria": {
      "has_bed": "2024-07-20 21:23:36 +0000"
    },
    "done": true
  },
  "minecraft:recipes/building_blocks/cobblestone_stairs_from_cobblestone_stonecutting": {
    "criteria": {
      "has_cobblestone": "2024-07-20 21:21:44 +0000"
    },
    "done": true
  },
  "pfm:recipes/furniture/magenta_arm_chair": {
    "criteria": {
      "has_wool": "2024-07-20 21:11:55 +0000"
    },
    "done": true
  },
  "farmersdelight:recipes/decorations/cutting_board": {
    "criteria": {
      "has_stick": "2024-07-20 21:12:28 +0000"
    },
    "done": true
  },
  "minecraft:recipes/decorations/enchanting_table": {
    "criteria": {
      "has_obsidian": "2024-07-20 21:11:12 +0000"
    },
    "done": true
  },
  "cfm:recipes/decorations/jungle_desk": {
    "criteria": {
      "has_log": "2024-07-20 21:09:50 +0000"
    },
    "done": true
  },
  "minecraft:recipes/tools/stone_hoe": {
    "criteria": {
      "has_cobblestone": "2024-07-20 21:21:44 +0000"
    },
    "done": true
  },
  "regions_unexplored:recipes/transportation/willow_boat": {
    "criteria": {
      "in_water": "2024-07-20 21:09:10 +0000"
    },
    "done": true
  },
  "pfm:recipes/furniture/oak_table_log": {
    "criteria": {
      "has_log": "2024-07-20 21:12:02 +0000"
    },
    "done": true
  },
  "pfm:recipes/furniture/orange_simple_sofa": {
    "criteria": {
      "has_wool": "2024-07-20 21:11:55 +0000"
    },
    "done": true
  },
  "pfm:recipes/furniture/oak_simple_stool": {
    "criteria": {
      "has_planks": "2024-07-20 21:12:02 +0000"
    },
    "done": true
  },
  "pfm:recipes/furniture/light_blue_arm_chair": {
    "criteria": {
      "has_wool": "2024-07-20 21:11:55 +0000"
    },
    "done": true
  },
  "minecraft:recipes/decorations/loom": {
    "criteria": {
      "has_string": "2024-07-20 21:29:56 +0000"
    },
    "done": true
  },
  "pfm:recipes/furniture/oak_kitchen_cabinet": {
    "criteria": {
      "has_planks": "2024-07-20 21:12:02 +0000"
    },
    "done": true
  },
  "minecraft:story/root": {
    "criteria": {
      "crafting_table": "2024-07-20 21:10:02 +0000"
    },
    "done": true
  },
  "pfm:recipes/furniture/kapok_regions_unexplored_raw_table_log": {
    "criteria": {
      "has_log": "2024-07-20 21:28:49 +0000"
    },
    "done": true
  },
  "pfm:recipes/furniture/palm_regions_unexplored_white_classic_bed": {
    "criteria": {
      "has_bed": "2024-07-20 21:23:36 +0000"
    },
    "done": true
  },
  "DataVersion": 3465
}